title,company,address,experience,url,query,page,vacancy_id
Младший биоинформатик-аналитик,ООО Парсек Лаб,"Санкт-Петербург, р-н Приморский",Опыт 1-3 года,https://hh.ru/vacancy/135719646?query=Data+Analyst,Data Analyst,0,135719646
Data Ananlyst / Аналитик Данных,Ventra,Москва,Опыт 1-3 года,https://hh.ru/vacancy/136031153?query=Data+Analyst,Data Analyst,0,136031153
Бизнес-аналитик,Группа Компаний «Аскона» | Логистика,Москва,Опыт 3-6 лет,https://hh.ru/vacancy/136361346?query=Data+Analyst,Data Analyst,0,136361346
Системный аналитик (FinTech / Crypto / Blockchain),ООО Веро Трейс,Москва,Опыт 3-6 лет,https://hh.ru/vacancy/135661700?query=Data+Analyst,Data Analyst,0,135661700
Аналитик данных,RUTUBE,Москва,Опыт 1-3 года,https://hh.ru/vacancy/136365089?query=Data+Analyst,Data Analyst,0,136365089
Специалист по управлению данными / Аналитик данных (Data Analyst/Data Engineer),ООО Бюро Цифровой Трансформации,Москва,Опыт 1-3 года,https://hh.ru/vacancy/136299705?query=Data+Analyst,Data Analyst,0,136299705
Бэкенд-разработчик (java),ООО ЛИПТ Софт,Санкт-Петербург,Опыт более 6 лет,https://hh.ru/vacancy/136330740?query=Data+Analyst,Data Analyst,0,136330740
Аналитик данных (Power BI),TraffCloud,Москва,Опыт 3-6 лет,https://hh.ru/vacancy/136329784?query=Data+Analyst,Data Analyst,0,136329784
Руководитель аналитики данных,ООО Альфа-Мобайл,Москва,Опыт 3-6 лет,https://hh.ru/vacancy/136187215?query=Data+Analyst,Data Analyst,0,136187215
Заместитель директора по маркетингу,ООО Имбрык,Минск,Опыт 3-6 лет,https://rabota.by/vacancy/136317462?query=Data+Analyst&hhtmFrom=vacancy_search_list,Data Analyst,0,136317462
Бизнес-аналитик,"""МТС"", Аналитика",Москва,Опыт 1-3 года,https://hh.ru/vacancy/136327869?query=Data+Analyst,Data Analyst,0,136327869
Системный аналитик Middle/Senior,.redev,Москва,Опыт 3-6 лет,https://hh.ru/vacancy/135664064?query=Data+Analyst,Data Analyst,0,135664064
Data Scientist,Ventra,Москва,Опыт 1-3 года,https://hh.ru/vacancy/136311467?query=Data+Analyst,Data Analyst,0,136311467
Product Manager в команду Core,АО Kolesa (АО Колеса),Алматы,Опыт 3-6 лет,https://hh.ru/vacancy/136311981?query=Data+Analyst,Data Analyst,0,136311981
Финансовый директор (CFO),СберСпасибо,"Москва, р-н Дорогомилово",Опыт более 6 лет,https://hh.ru/vacancy/136172759?query=Data+Analyst,Data Analyst,0,136172759
Системный аналитик,ЛИАН,Москва,Опыт 3-6 лет,https://hh.ru/vacancy/136202014?query=Data+Analyst,Data Analyst,0,136202014
Руководитель отдела персонала (HRD/HRBP),IN HOUSE,Москва,Опыт 3-6 лет,https://hh.ru/vacancy/136245167?query=Data+Analyst,Data Analyst,0,136245167
Бизнес-аналитик,ООО Майфин,Минск,Опыт 3-6 лет,https://rabota.by/vacancy/136346114?query=Data+Analyst&hhtmFrom=vacancy_search_list,Data Analyst,0,136346114
Инженер сопровождения,ЛИАН,Москва,Опыт 3-6 лет,https://hh.ru/vacancy/136315909?query=Data+Analyst,Data Analyst,0,136315909
Java-разработчик,ООО ВЫСОКИЕ ТЕХНОЛОГИИ ДЛЯ БИЗНЕСА,"Оренбург, р-н Центральный",Опыт 1-3 года,https://hh.ru/vacancy/136237665?query=Data+Analyst,Data Analyst,0,136237665
Data Analyst / Аналитик данных,Генотек,Москва,Опыт 1-3 года,https://hh.ru/vacancy/135117849?query=Data+Analyst,Data Analyst,1,135117849
Middle+/Senior Бизнес-/системный аналитик,ООО SpbDev,Москва,Опыт более 6 лет,https://hh.ru/vacancy/135655138?query=Data+Analyst,Data Analyst,1,135655138
HR-generalist в IT-компанию,АЭРО,Москва,Опыт 3-6 лет,https://hh.ru/vacancy/136265496?query=Data+Analyst,Data Analyst,1,136265496
Аналитик данных / Data Analyst (Smartup),СП ООО MONO-ELECTRIC,Ташкент,Опыт 1-3 года,https://hh.ru/vacancy/136351468?query=Data+Analyst,Data Analyst,1,136351468
Продуктовый аналитик,JapanStat,Москва,Опыт 3-6 лет,https://hh.ru/vacancy/136214542?query=Data+Analyst,Data Analyst,1,136214542
Директор по информационным технологиям (CIO),ТОО КОМЕК МАШИНЕРИ Казахстан,"Астана, проспект Нургисы Тлендиева, 4/3",Опыт 3-6 лет,https://hh.ru/vacancy/136306344?query=Data+Analyst,Data Analyst,1,136306344
Бизнес-аналитик,ООО Газпромнефть-Региональные продажи,Санкт-Петербург,Опыт 1-3 года,https://hh.ru/vacancy/136362849?query=Data+Analyst,Data Analyst,1,136362849
Java разработчик,Ингосстрах,Нижний Новгород,Опыт 3-6 лет,https://hh.ru/vacancy/136259707?query=Data+Analyst,Data Analyst,1,136259707
Исполнительный директор (CEO),ООО Ритейл Эксперт,Москва,Опыт 3-6 лет,https://hh.ru/vacancy/135872574?query=Data+Analyst,Data Analyst,1,135872574
ИИ специалист,Дверянин,"Набережные Челны, БАЗА ЗАО ,,ПОДРЯД,,, 1",Опыт 1-3 года,https://hh.ru/vacancy/136266273?query=Data+Analyst,Data Analyst,1,136266273
Junior Python-разработчик / технический помощник СТО,Мегасклад,Москва,Без опыта,https://hh.ru/vacancy/136267481?query=Data+Analyst,Data Analyst,1,136267481
Data engineer (Стажер),Sapiens solutions,Москва,Без опыта,https://hh.ru/vacancy/136125082?query=Data+Analyst,Data Analyst,1,136125082
Frontend-разработчик,Аптечная сеть Ваша №1 х Таблетка.ру,"Москва, р-н Перово",Опыт 1-3 года,https://hh.ru/vacancy/128966075?query=Data+Analyst,Data Analyst,1,128966075
Product Owner,ООО Хайерлэб,Москва,Опыт 3-6 лет,https://hh.ru/vacancy/136037762?query=Data+Analyst,Data Analyst,1,136037762
Системный аналитик / System Analyst,Aston,Москва,Опыт 3-6 лет,https://hh.ru/vacancy/136345328?query=Data+Analyst,Data Analyst,1,136345328
Продуктовый дизайнер,"MR Group, группа компаний",Москва,Опыт более 6 лет,https://hh.ru/vacancy/136145358?query=Data+Analyst,Data Analyst,1,136145358
Ведущий маркетолог,ТОО Engineering Services,Алматы,Опыт 1-3 года,https://hh.ru/vacancy/136334450?query=Data+Analyst,Data Analyst,1,136334450
Аналитик продаж,ООО Газпромнефть-Региональные продажи,Санкт-Петербург,Опыт 1-3 года,https://hh.ru/vacancy/136352891?query=Data+Analyst,Data Analyst,1,136352891
Middle+ / Senior Data Engineer / ETL-разработчик,ООО SpbDev,Москва,Опыт более 6 лет,https://hh.ru/vacancy/135655122?query=Data+Analyst,Data Analyst,1,135655122
"Коммерческий директор / Chief Commercial Officer, CCO",ООО Стафф Контракт,Москва,Опыт более 6 лет,https://hh.ru/vacancy/136117477?query=Data+Analyst,Data Analyst,1,136117477
Менеджер проектов,Paper Planes,Москва,Опыт 1-3 года,https://hh.ru/vacancy/136072352?query=Data+Analyst,Data Analyst,2,136072352
Strategy & Business Analyst / Бизнес Аналитик,BlaBlaCar,Москва,Опыт 3-6 лет,https://hh.ru/vacancy/136212025?query=Data+Analyst,Data Analyst,2,136212025
Младший аналитик данных,SOKOLOV,"Кострома, р-н Центральный",Опыт 1-3 года,https://hh.ru/vacancy/135774982?query=Data+Analyst,Data Analyst,2,135774982
Java Backend разработчик,Альфа-Банк. ИТ-специалисты,Москва,Опыт 3-6 лет,https://hh.ru/vacancy/135029864?query=Data+Analyst,Data Analyst,2,135029864
Data Platform Engineer,ООО Ритейл Эксперт,Москва,Опыт 1-3 года,https://hh.ru/vacancy/136298963?query=Data+Analyst,Data Analyst,2,136298963
Менеджер по корпоративным финансам,ООО Хевел,Москва,Опыт 3-6 лет,https://hh.ru/vacancy/136338546?query=Data+Analyst,Data Analyst,2,136338546
ML-инженер,"МАГНИТ, Розничная сеть. IT","Москва, р-н Беговой",Опыт 1-3 года,https://hh.ru/vacancy/136298305?query=Data+Analyst,Data Analyst,2,136298305
Системный аналитик Security Vision,ЛИАН,Москва,Опыт 3-6 лет,https://hh.ru/vacancy/136144074?query=Data+Analyst,Data Analyst,2,136144074
Старший исследователь продукта (Посуточная аренда жилья),Циан,Москва,Опыт 3-6 лет,https://hh.ru/vacancy/136348952?query=Data+Analyst,Data Analyst,2,136348952
Системный Аналитик,АО Зарубежнефть,Москва,Опыт 3-6 лет,https://hh.ru/vacancy/136358881?query=Data+Analyst,Data Analyst,2,136358881
Strong Junior / Middle Risk Quant,АО ForteBank,"Астана, улица Достык, 8/1",Опыт 1-3 года,https://hh.ru/vacancy/136173116?query=Data+Analyst,Data Analyst,2,136173116
Аналитик данных/Инженер по качеству данных,X5 Tech,"Москва, р-н Замоскворечье",Опыт 3-6 лет,https://hh.ru/vacancy/136249031?query=Data+Analyst,Data Analyst,2,136249031
Инженер-программист C++ \ QT,РОСКОСМОС,Москва,Опыт 1-3 года,https://hh.ru/vacancy/136347187?query=Data+Analyst,Data Analyst,2,136347187
Product Analyst / Продуктовый аналитик,Плати по миру,"Москва, р-н Тверской",Опыт 3-6 лет,https://hh.ru/vacancy/136220814?query=Data+Analyst,Data Analyst,2,136220814
Middle Аналитик,Metacommerce,Уфа,Опыт 3-6 лет,https://hh.ru/vacancy/135767707?query=Data+Analyst,Data Analyst,2,135767707
Data analyst - Collection,UZUM TECHNOLOGIES. IT,"Ташкент, Ферганское шоссе, 23",Опыт 1-3 года,https://hh.ru/vacancy/136140298?query=Data+Analyst,Data Analyst,2,136140298
Стажер аналитик данных / Intern Data Analyst,Deft,Москва,Без опыта,https://hh.ru/vacancy/134581924?query=Data+Analyst,Data Analyst,2,134581924
Business Analyst,ООО ПСТ Лабс,Минск,Опыт 3-6 лет,https://rabota.by/vacancy/136185677?query=Data+Analyst&hhtmFrom=vacancy_search_list,Data Analyst,2,136185677
Системный / Бизнес аналитик,Altenar,Екатеринбург,Опыт 1-3 года,https://hh.ru/vacancy/135206584?query=Data+Analyst,Data Analyst,2,135206584
Маркетолог,ООО Александровский,"Кемерово, р-н Центральный",Опыт более 6 лет,https://hh.ru/vacancy/136203865?query=Data+Analyst,Data Analyst,2,136203865
UX/UI-дизайнер,Absolut POS,Москва,Опыт 1-3 года,https://hh.ru/vacancy/135537515?query=Data+Analyst,Data Analyst,3,135537515
Data Analyst (Middle),Polonium Arts,Москва,Опыт 1-3 года,https://hh.ru/vacancy/136034338?query=Data+Analyst,Data Analyst,3,136034338
Product Manager / Product Lead,Airvoice,"Белград, Улица Косте Абрашевића, 13",Опыт 3-6 лет,https://hh.ru/vacancy/136341162?query=Data+Analyst,Data Analyst,3,136341162
Data Engineer,Koronatech,Санкт-Петербург,Опыт 3-6 лет,https://hh.ru/vacancy/135392614?query=Data+Analyst,Data Analyst,3,135392614
Заместитель директора Центра по развитию цифровых решений и аналитических систем,ФГАОУ ВО Первый МГМУ им. И.М.Сеченова Минздрава России (Сеченовский Университет),Москва,Опыт более 6 лет,https://hh.ru/vacancy/136252925?query=Data+Analyst,Data Analyst,3,136252925
Менеджер финансового отдела по автоматизации бизнес-прооцессов,Наймиум,"Москва, р-н Беговой",Опыт 3-6 лет,https://hh.ru/vacancy/135653465?query=Data+Analyst,Data Analyst,3,135653465
Системный аналитик (outstaff),ООО Триада,Москва,Опыт 3-6 лет,https://hh.ru/vacancy/135374424?query=Data+Analyst,Data Analyst,3,135374424
Аналитик данных в технический департамент,VK,Москва,Опыт 3-6 лет,https://hh.ru/vacancy/136263866?query=Data+Analyst,Data Analyst,3,136263866
Руководитель проектов (международный проект в банковском секторе),USETECH,Маскат,Опыт более 6 лет,https://hh.ru/vacancy/136169462?query=Data+Analyst,Data Analyst,3,136169462
Research Engineer,Точка Банк,"Москва, р-н Тверской",Опыт 3-6 лет,https://hh.ru/vacancy/136142033?query=Data+Analyst,Data Analyst,3,136142033
AI Engineer,АО Цифровой семейный офис,Москва,Опыт 1-3 года,https://hh.ru/vacancy/136031525?query=Data+Analyst,Data Analyst,3,136031525
Бизнес аналитик (Математические модели),ООО АФЛТ-Системс,Москва,Опыт 3-6 лет,https://hh.ru/vacancy/136248879?query=Data+Analyst,Data Analyst,3,136248879
Middle backend developer / Python специалист,Brandquad,Москва,Опыт 3-6 лет,https://hh.ru/vacancy/135744558?query=Data+Analyst,Data Analyst,3,135744558
Data analyst,ООО Центр Новых Финансовых Сервисов,"Москва, р-н Дорогомилово",Опыт 1-3 года,https://hh.ru/vacancy/135540304?query=Data+Analyst,Data Analyst,3,135540304
Business Analyst/Systems Analyst,ТРТ,Баку,Опыт более 6 лет,https://hh.ru/vacancy/136210954?query=Data+Analyst,Data Analyst,3,136210954
Проджект-менеджер,ТОО Arbuz Group (Арбуз Груп),Алматы,Опыт 1-3 года,https://hh.ru/vacancy/135964906?query=Data+Analyst,Data Analyst,3,135964906
Data Analyst DWH (DataVault/Системный аналитик качества данных/Банк),Neoflex,Москва,Опыт 1-3 года,https://hh.ru/vacancy/136319166?query=Data+Analyst,Data Analyst,3,136319166
Аналитик данных,Coleman Group,Москва,Опыт 1-3 года,https://hh.ru/vacancy/135997211?query=Data+Analyst,Data Analyst,3,135997211
Product manager,Т-Банк. ИТ. Управление продуктами и проектами,Нижний Новгород,Опыт 3-6 лет,https://hh.ru/vacancy/136330793?query=Data+Analyst,Data Analyst,3,136330793
Ведущий аналитик данных,ГК Дамате,Москва,Опыт 3-6 лет,https://hh.ru/vacancy/136214868?query=Data+Analyst,Data Analyst,3,136214868
"Python Developer AI team (в офис, г. Йошкар-Ола)",TravelLine,"Йошкар-Ола, Комсомольская улица, 112",Опыт 3-6 лет,https://hh.ru/vacancy/135712719?query=Data+Analyst,Data Analyst,4,135712719
"BI-разработчик / Data Analyst Загородный отель, Московская область",Рябиновый берег,городской округ Мытищи,Опыт 3-6 лет,https://hh.ru/vacancy/135807248?query=Data+Analyst,Data Analyst,4,135807248
Data Engineer,ООО Вебпро,"Москва, р-н Пресненский",Опыт 3-6 лет,https://hh.ru/vacancy/135869863?query=Data+Analyst,Data Analyst,4,135869863
Data Analyst,АО VIETJET QAZAQSTAN,Астана,Опыт 1-3 года,https://hh.ru/vacancy/135044334?query=Data+Analyst,Data Analyst,4,135044334
Account Manager / Менеджер клиентского сервиса,ООО Сидорин Лаб,Москва,Опыт 1-3 года,https://hh.ru/vacancy/136012286?query=Data+Analyst,Data Analyst,4,136012286
Бизнес-аналитик BI,Т-Банк. ИТ. DWH,Казань,Опыт 3-6 лет,https://hh.ru/vacancy/136343365?query=Data+Analyst,Data Analyst,4,136343365
Бухгалтер (работа с первичной документацией),АО РИР Энерго,Москва,Опыт 1-3 года,https://hh.ru/vacancy/136085746?query=Data+Analyst,Data Analyst,4,136085746
CRM-маркетолог / CRM Marketing Engineer,Сеть клиник Подружки,Москва,Опыт 1-3 года,https://hh.ru/vacancy/136220272?query=Data+Analyst,Data Analyst,4,136220272
Аналитик данных,ПАО Банк Санкт-Петербург,Санкт-Петербург,Опыт 1-3 года,https://hh.ru/vacancy/131228507?query=Data+Analyst,Data Analyst,4,131228507
Начальник управления по аналитике и клиентскому опыту,Пятёрочка. Транспорт,Москва,Опыт 3-6 лет,https://hh.ru/vacancy/136308796?query=Data+Analyst,Data Analyst,4,136308796
AI Call Quality Analyst,ТРТ,Баку,Опыт 3-6 лет,https://hh.ru/vacancy/136201256?query=Data+Analyst,Data Analyst,4,136201256
Аналитик данных (BI аналитик),Navio,Москва,Опыт 1-3 года,https://hh.ru/vacancy/135613824?query=Data+Analyst,Data Analyst,4,135613824
Data Analyst / Аналитик данных,"Форум-групп, Холдинг",Екатеринбург,Опыт 1-3 года,https://hh.ru/vacancy/135220809?query=Data+Analyst,Data Analyst,4,135220809
"Аналитик данных ML/DS, Группа аналитики по рискам B2B, Ozon Bank",Ozon Банк,"Москва, р-н Красносельский",Опыт 1-3 года,https://hh.ru/vacancy/136228430?query=Data+Analyst,Data Analyst,4,136228430
Ведущий разработчик Java (бэкенд) гибрид Москва,ООО АйДи – Технологии управления,Москва,Опыт более 6 лет,https://hh.ru/vacancy/135758517?query=Data+Analyst,Data Analyst,4,135758517
Руководитель группы аналитиков (тимлид),ООО ОТР,"Москва, р-н Пресненский",Опыт более 6 лет,https://hh.ru/vacancy/136132788?query=Data+Analyst,Data Analyst,4,136132788
Relationship manager Market data,АО Казахстанская фондовая биржа,Алматы,Опыт 3-6 лет,https://hh.ru/vacancy/136289353?query=Data+Analyst,Data Analyst,4,136289353
Старший аналитик (data analyst / data scientist)в управление планирования и прогнозирования,"ООО Бристоль, сеть магазинов, Работа в IT-сфере",Москва,Опыт 3-6 лет,https://hh.ru/vacancy/136289152?query=Data+Analyst,Data Analyst,4,136289152
Junior+/Middle Software Engineer (Python),ТРТ,Тбилиси,Опыт 3-6 лет,https://hh.ru/vacancy/135482491?query=Data+Analyst,Data Analyst,4,135482491
Аналитик по рискам и статистическому моделированию (Junior / Junior+),Copperside,Москва,Опыт 1-3 года,https://hh.ru/vacancy/135703290?query=Data+Analyst,Data Analyst,4,135703290
System Analyst,Aston,"Москва, р-н Сокольники",Опыт 3-6 лет,https://hh.ru/vacancy/136345598?query=Data+Analyst,Data Analyst,5,136345598
Руководитель по эффективности логистики,"Лента, федеральная розничная сеть, Работа в офисе",Москва,Опыт 3-6 лет,https://hh.ru/vacancy/136270619?query=Data+Analyst,Data Analyst,5,136270619
Аналитик DWH,ООО Дата Дженерейшн,Москва,Опыт более 6 лет,https://hh.ru/vacancy/136214464?query=Data+Analyst,Data Analyst,5,136214464
Аналитик баз данных в отдел управления рисками,ООО Variant Retail Finance,"Ташкент, улица Айбека, 20А",Опыт 1-3 года,https://hh.ru/vacancy/136296424?query=Data+Analyst,Data Analyst,5,136296424
Cпециалист по планированию реализации нефтепродуктов,ООО Газпромнефть-Региональные продажи,Санкт-Петербург,Опыт 1-3 года,https://hh.ru/vacancy/136353330?query=Data+Analyst,Data Analyst,5,136353330
"Data Analyst (Middle), DWH",SkillStaff,Москва,Опыт 3-6 лет,https://hh.ru/vacancy/136366073?query=Data+Analyst,Data Analyst,5,136366073
Ведущий системный аналитик (IoT-решения),ООО Клауд Солюшенс,Москва,Опыт более 6 лет,https://hh.ru/vacancy/134842031?query=Data+Analyst,Data Analyst,5,134842031
Младший финансовый аналитик,ЮMoney,Москва,Опыт 1-3 года,https://hh.ru/vacancy/135467952?query=Data+Analyst,Data Analyst,5,135467952
Контент-менеджер Lamoda (Обувь / Одежда),"Francesco Donni, Сеть магазинов",Москва,Опыт 1-3 года,https://hh.ru/vacancy/135716117?query=Data+Analyst,Data Analyst,5,135716117
Junior Recruiter (Chat Interviews) | Младший рекрутер на чатах,Adviva,Баку,Опыт 1-3 года,https://hh.ru/vacancy/136073022?query=Data+Analyst,Data Analyst,5,136073022
Product Manager | Менеджер продукта,Альфа-Деньги,Москва,Опыт 3-6 лет,https://hh.ru/vacancy/136021096?query=Data+Analyst,Data Analyst,5,136021096
Аналитик,12 STOREEZ,Москва,Опыт 3-6 лет,https://hh.ru/vacancy/136096183?query=Data+Analyst,Data Analyst,5,136096183
Email-маркетолог,WeJET,Москва,Опыт 1-3 года,https://hh.ru/vacancy/136171461?query=Data+Analyst,Data Analyst,5,136171461
Продуктовый аналитик/Product Analyst,Aston,"Москва, р-н Тверской",Опыт 3-6 лет,https://hh.ru/vacancy/136354316?query=Data+Analyst,Data Analyst,5,136354316
"Руководитель e‑commerce‑направления (fashion, премиум‑сегмент) в единственном лице",Agent Provocateur,"Москва, р-н Тверской",Опыт 3-6 лет,https://hh.ru/vacancy/136036176?query=Data+Analyst,Data Analyst,5,136036176
Гейм-Дизайнер / Game Designer (Лид монетизации),Infinnity Solutions,"Челябинск, р-н Центральный",Опыт 1-3 года,https://hh.ru/vacancy/136322747?query=Data+Analyst,Data Analyst,5,136322747
Аналитик информационной безопасности (Data Security),Т-Банк. ИТ. Информационная безопасность,Санкт-Петербург,Опыт 1-3 года,https://hh.ru/vacancy/136171041?query=Data+Analyst,Data Analyst,5,136171041
Специалист по маркировке «Честный знак»,Панда Гифтс,Москва,Опыт 1-3 года,https://hh.ru/vacancy/136125312?query=Data+Analyst,Data Analyst,5,136125312
Middle/Senior Business Analyst (Healthcare / Insurance / Investment & Wealth Management),Научсофт,Минск,Опыт 3-6 лет,https://rabota.by/vacancy/136320402?query=Data+Analyst&hhtmFrom=vacancy_search_list,Data Analyst,5,136320402
CRM-маркетолог / Email-маркетолог,Markswebb,Москва,Опыт 3-6 лет,https://hh.ru/vacancy/136093110?query=Data+Analyst,Data Analyst,5,136093110
Ведущий интернет-маркетолог (Seo),ООО Газпромбанк Автолизинг,"Москва, р-н Мещанский",Опыт 1-3 года,https://hh.ru/vacancy/135894004?query=Data+Analyst,Data Analyst,6,135894004
Разработчик PostgreSQL/ BI Разработчик,Data World,Нижний Новгород,Опыт 1-3 года,https://hh.ru/vacancy/136296972?query=Data+Analyst,Data Analyst,6,136296972
Аналитик данных (MedTech),Правительство Москвы,Москва,Опыт 1-3 года,https://hh.ru/vacancy/136117982?query=Data+Analyst,Data Analyst,6,136117982
Аналитик данных,СИНЕРГИЯ,Москва,Опыт 3-6 лет,https://hh.ru/vacancy/136311691?query=Data+Analyst,Data Analyst,6,136311691
Аналитик DWH senior,ЛИАН,Москва,Опыт 3-6 лет,https://hh.ru/vacancy/136110567?query=Data+Analyst,Data Analyst,6,136110567
ИТ Директор,Аптечная сеть Ваша №1 х Таблетка.ру,Москва,Опыт более 6 лет,https://hh.ru/vacancy/133186561?query=Data+Analyst,Data Analyst,6,133186561
Руководитель направления ИИ-трансформации,ООО Юнион Гайд,Москва,Опыт 3-6 лет,https://hh.ru/vacancy/135343165?query=Data+Analyst,Data Analyst,6,135343165
Главный специалист по аналитике и отчётности,ЗАО Альфа Телеком (MEGA),"Бишкек, улица А. Суюмбаева, 123",Опыт 3-6 лет,https://hh.ru/vacancy/136361744?query=Data+Analyst,Data Analyst,6,136361744
Data Scientist (junior),Сбер. Data Science,Нижний Новгород,Без опыта,https://hh.ru/vacancy/135364012?query=Data+Analyst,Data Analyst,6,135364012
Системный аналитик (Middle / Middle+ / Senior),CRT,Казань,Опыт 3-6 лет,https://hh.ru/vacancy/135605347?query=Data+Analyst,Data Analyst,6,135605347
"Data Analyst/Аналитик данных (PostgreSQL, Python)",Сбер. IT,Омск,Без опыта,https://hh.ru/vacancy/133020079?query=Data+Analyst,Data Analyst,6,133020079
Продуктовый менеджер,АО ТаймВэб,Санкт-Петербург,Опыт 1-3 года,https://hh.ru/vacancy/136035474?query=Data+Analyst,Data Analyst,6,136035474
"Product Manager (карточная эмиссия, Crypto & Fintech)",ООО Зенит-Брокер,Москва,Опыт 3-6 лет,https://hh.ru/vacancy/136227320?query=Data+Analyst,Data Analyst,6,136227320
Системный Аналитик 1С (сопровождение),SSP SOFT,Москва,Опыт 3-6 лет,https://hh.ru/vacancy/136356763?query=Data+Analyst,Data Analyst,6,136356763
Руководитель направления ИИ и автоматизации,Негосударственный Пенсионный Фонд Сбербанка,Москва,Опыт более 6 лет,https://hh.ru/vacancy/136243081?query=Data+Analyst,Data Analyst,6,136243081
Java-разработчик,Компания Ритейл Сервис,"Барнаул, р-н Октябрьский",Опыт 1-3 года,https://hh.ru/vacancy/135755270?query=Data+Analyst,Data Analyst,6,135755270
DWH Инженер (DevOps),АО БАНК ИНТЕЗА,Москва,Опыт 3-6 лет,https://hh.ru/vacancy/136185339?query=Data+Analyst,Data Analyst,6,136185339
Менеджер по рекламному продвижению на маркетплейсах,Integraaal,Москва,Опыт 1-3 года,https://hh.ru/vacancy/136316558?query=Data+Analyst,Data Analyst,6,136316558
Аналитик бизнес решений (BI Analyst),ТОО Нестле Фуд Казахстан,"Алматы, улица Тимирязева, 28В",Опыт 1-3 года,https://hh.ru/vacancy/135786386?query=Data+Analyst,Data Analyst,6,135786386
Ведущий продуктовый аналитик / Аналитик сквозной аналитики,ООО Веро Трейс,Москва,Опыт 3-6 лет,https://hh.ru/vacancy/135919236?query=Data+Analyst,Data Analyst,6,135919236
Аналитик данных,"""МТС"", Технический блок",Москва,Опыт 1-3 года,https://hh.ru/vacancy/136018040?query=Data+Analyst,Data Analyst,7,136018040
Ведущий продуктовый аналитик / Lead Product Analyst,ООО АРСфин,"Москва, р-н Коньково",Опыт 3-6 лет,https://hh.ru/vacancy/136310418?query=Data+Analyst,Data Analyst,7,136310418
Senior Data scientist (розничные риски),Selecty,"Москва, р-н Тверской",Опыт более 6 лет,https://hh.ru/vacancy/136325606?query=Data+Analyst,Data Analyst,7,136325606
ML -аналитик,ПАО Совкомбанк. ИТ,Санкт-Петербург,Опыт 1-3 года,https://hh.ru/vacancy/134699230?query=Data+Analyst,Data Analyst,7,134699230
Team Lead BI и аналитики,ООО Qnits,Санкт-Петербург,Опыт 3-6 лет,https://hh.ru/vacancy/135307098?query=Data+Analyst,Data Analyst,7,135307098
Аналитик данных (middle),ООО Лоция,Москва,Опыт 3-6 лет,https://hh.ru/vacancy/136169700?query=Data+Analyst,Data Analyst,7,136169700
Data Analyst (Лаборатория нейронаук и поведения человека),Сбер. Data Science,Санкт-Петербург,Опыт 1-3 года,https://hh.ru/vacancy/135559058?query=Data+Analyst,Data Analyst,7,135559058
Data Analyst Middle,Sputnik8,Санкт-Петербург,Опыт 1-3 года,https://hh.ru/vacancy/135891466?query=Data+Analyst,Data Analyst,7,135891466
IT специалист по цифровым технологиям аудита,Сбер для экспертов,Ростов-на-Дону,Без опыта,https://hh.ru/vacancy/136097761?query=Data+Analyst,Data Analyst,7,136097761
Business Analyst,ООО Твистеллар,Минск,Опыт 1-3 года,https://rabota.by/vacancy/136142847?query=Data+Analyst&hhtmFrom=vacancy_search_list,Data Analyst,7,136142847
Бизнес-аналитик (E-commerce),SPLAT,Москва,Опыт 3-6 лет,https://hh.ru/vacancy/135896101?query=Data+Analyst,Data Analyst,7,135896101
Safety Operations Analyst,ТОО inDrive,Алматы,Опыт 1-3 года,https://hh.ru/vacancy/136108843?query=Data+Analyst,Data Analyst,7,136108843
"Tech Lead / CTO — AI-стартап (динамическое ценообразование, международный рынок)",ИП Степанов Алексей Андреевич,Москва,Опыт 3-6 лет,https://hh.ru/vacancy/135935227?query=Data+Analyst,Data Analyst,7,135935227
Младший категорийный менеджер,ООО ВсеИнструменты.ру,Москва,Опыт 1-3 года,https://hh.ru/vacancy/136062165?query=Data+Analyst,Data Analyst,7,136062165
Операционный менеджер отдела аналитики (автоматизация отчетности Excel / Power BI),Опт-Юнион,Химки,Опыт 1-3 года,https://hh.ru/vacancy/134784012?query=Data+Analyst,Data Analyst,7,134784012
Эксперт по цифровым технологиям аудита,Сбер. Data Science,Самара,Без опыта,https://hh.ru/vacancy/135845686?query=Data+Analyst,Data Analyst,7,135845686
Data Engineer / Дата-инженер,Ситидрайв,Москва,Опыт 1-3 года,https://hh.ru/vacancy/135922444?query=Data+Analyst,Data Analyst,7,135922444
Ведущий продуктовый аналитик / Senior Product Analyst,ООО Майфин,Минск,Опыт 3-6 лет,https://rabota.by/vacancy/136345688?query=Data+Analyst&hhtmFrom=vacancy_search_list,Data Analyst,7,136345688
Директор по продукту (CPO)/Head of Product,ООО Консоль.Про,Москва,Опыт 3-6 лет,https://hh.ru/vacancy/135588223?query=Data+Analyst,Data Analyst,7,135588223
Специалист по аналитике,ЗАО Альфа Телеком (MEGA),"Бишкек, улица А. Суюмбаева, 123",Опыт 1-3 года,https://hh.ru/vacancy/136361901?query=Data+Analyst,Data Analyst,7,136361901
Руководитель направления по развитию процессов коммерции,"X5, Управляющая компания",Москва,Опыт 3-6 лет,https://hh.ru/vacancy/135996040?query=Data+Analyst,Data Analyst,8,135996040
Руководитель группы разработки DWH / Team Lead Data Engineering,АО ОЧАКОВО,Москва,Опыт 3-6 лет,https://hh.ru/vacancy/136173808?query=Data+Analyst,Data Analyst,8,136173808
"Помощник менеджера по логистике, операциям и импорту",ABC Russia,"Москва, р-н Покровское-Стрешнево",Опыт 1-3 года,https://hh.ru/vacancy/135790049?query=Data+Analyst,Data Analyst,8,135790049
TechLead / Senior DevOps (MLOps),USETECH,Москва,Опыт 3-6 лет,https://hh.ru/vacancy/136328984?query=Data+Analyst,Data Analyst,8,136328984
Менеджер по работе с дилерами,ООО ЭМ Рус,"Москва, р-н Филёвский Парк",Опыт 3-6 лет,https://hh.ru/vacancy/134178843?query=Data+Analyst,Data Analyst,8,134178843
Senior Аналитик данных / Python-разработчик (Data / ETL),ООО Смарт консалтинг,Новосибирск,Опыт 3-6 лет,https://hh.ru/vacancy/135521700?query=Data+Analyst,Data Analyst,8,135521700
Младший продуктовый аналитик,"Петрович, Строительный Торговый Дом",Санкт-Петербург,Опыт 1-3 года,https://hh.ru/vacancy/134923619?query=Data+Analyst,Data Analyst,8,134923619
Middle+/Senior Python developer в Центр DataGov,"""МТС"", Работа в IT",Москва,Опыт 3-6 лет,https://hh.ru/vacancy/135884255?query=Data+Analyst,Data Analyst,8,135884255
Senior Business/Data Analyst,"ПАО МегаФон, IT",Москва,Опыт 3-6 лет,https://hh.ru/vacancy/136199915?query=Data+Analyst,Data Analyst,8,136199915
Интернет-маркетолог со знанием английского языка,ITG Corporation,Санкт-Петербург,Опыт 1-3 года,https://hh.ru/vacancy/136130840?query=Data+Analyst,Data Analyst,8,136130840
Аналитик данных маркетплейсов Wildberries OZON,Data-Power,Санкт-Петербург,Опыт 1-3 года,https://hh.ru/vacancy/135540607?query=Data+Analyst,Data Analyst,8,135540607
Full-stack Developer,ТОО OpenRate,"Астана, проспект Туран, 52/7",Опыт 3-6 лет,https://hh.ru/vacancy/135633633?query=Data+Analyst,Data Analyst,8,135633633
Senior Product Analyst,ТОО Playrix,Тбилиси,Опыт 3-6 лет,https://hh.ru/vacancy/136162052?query=Data+Analyst,Data Analyst,8,136162052
Дата аналитик CVM,"""МТС"", Аналитика",Москва,Опыт 3-6 лет,https://hh.ru/vacancy/136290990?query=Data+Analyst,Data Analyst,8,136290990
Data Analyst,ООО Синьор Софт,Рязань,Опыт 3-6 лет,https://hh.ru/vacancy/135391985?query=Data+Analyst,Data Analyst,8,135391985
Главный менеджер по аналитике данных и искусственному интеллекту,Специальная организация управления «Alatau City Authority»,Алматы,Опыт более 6 лет,https://hh.ru/vacancy/136243566?query=Data+Analyst,Data Analyst,8,136243566
Head of Product,ООО Леон,Москва,Опыт 3-6 лет,https://hh.ru/vacancy/135749921?query=Data+Analyst,Data Analyst,8,135749921
Аналитик данных,ООО Лоция,Санкт-Петербург,Опыт 3-6 лет,https://hh.ru/vacancy/136179174?query=Data+Analyst,Data Analyst,8,136179174
Системный аналитик,ООО ОТР,Москва,Опыт 3-6 лет,https://hh.ru/vacancy/134679395?query=Data+Analyst,Data Analyst,8,134679395
Коммерческий директор (CCO),Integraaal,Москва,Опыт 3-6 лет,https://hh.ru/vacancy/135877465?query=Data+Analyst,Data Analyst,8,135877465
Дата-инженер,Т-Банк. ИТ. DWH,"Пермь, р-н Свердловский",Опыт 3-6 лет,https://hh.ru/vacancy/136327960?query=Data+Analyst,Data Analyst,9,136327960
"Аналитик данных, Департамент по продукту и технологиям WMS",Ozon Tech,Москва,Опыт 1-3 года,https://hh.ru/vacancy/135609373?query=Data+Analyst,Data Analyst,9,135609373
Бизнес - аналитик AI,ФГБУ Центральный НИИ организации и информатизации здравоохранения Министерства здравоохранения Российской Федерации,"Москва, р-н Мещанский",Опыт 3-6 лет,https://hh.ru/vacancy/135539441?query=Data+Analyst,Data Analyst,9,135539441
Data Architect,getmatch,Москва,Опыт более 6 лет,https://hh.ru/vacancy/136326536?query=Data+Analyst,Data Analyst,9,136326536
Руководитель Data Science направления,Rostic’s IT,Москва,Опыт более 6 лет,https://hh.ru/vacancy/135915734?query=Data+Analyst,Data Analyst,9,135915734
Маркетинговый / Продуктовый аналитик (EdTech),РБК,Москва,Опыт более 6 лет,https://hh.ru/vacancy/136086032?query=Data+Analyst,Data Analyst,9,136086032
Data Governance Analyst | Аналитик по управлению данными,HelioCore,Лимасол,Опыт 3-6 лет,https://hh.ru/vacancy/135870689?query=Data+Analyst,Data Analyst,9,135870689
Data Analyst (Collection),АО Bereke Bank - ИТ-специалисты,"Алматы, улица Карасай батыра, 125",Опыт 1-3 года,https://hh.ru/vacancy/135538553?query=Data+Analyst,Data Analyst,9,135538553
Middle Data Analyst,Korzinka (Anglesey food),"Ташкент, Малая кольцевая дорога, 4/1блок4",Опыт 1-3 года,https://hh.ru/vacancy/136059545?query=Data+Analyst,Data Analyst,9,136059545
Менеджер проектов по внедрению ИИ,ООО Ника,"Ижевск, р-н Ленинский",Опыт 1-3 года,https://hh.ru/vacancy/136059774?query=Data+Analyst,Data Analyst,9,136059774
Data/BI analyst,Loyalty Labs,Санкт-Петербург,Опыт 3-6 лет,https://hh.ru/vacancy/135649726?query=Data+Analyst,Data Analyst,9,135649726
Заместитель начальника управления (Макроэкономист),Правительство Москвы,Москва,Опыт 3-6 лет,https://hh.ru/vacancy/136229822?query=Data+Analyst,Data Analyst,9,136229822
Инженер технической поддержки / Business Support engineer,Paragon Software,Санкт-Петербург,Опыт 1-3 года,https://hh.ru/vacancy/134370280?query=Data+Analyst,Data Analyst,9,134370280
Senior Sales Executive (Account Executive),Velvetech LLC,Тбилиси,Опыт более 6 лет,https://hh.ru/vacancy/136317135?query=Data+Analyst,Data Analyst,9,136317135
"Системный аналитик Tantor DI (PostgreSQL, Debezium, CDC )",Группа компаний Астра,Москва,Опыт 3-6 лет,https://hh.ru/vacancy/129612155?query=Data+Analyst,Data Analyst,9,129612155
Middle Strategy Manager (Mobile),Mobio,Москва,Опыт 1-3 года,https://hh.ru/vacancy/135638500?query=Data+Analyst,Data Analyst,9,135638500
ML аналитик (офис),ООО Совкомбанк Технологии,Казань,Опыт 1-3 года,https://hh.ru/vacancy/133888708?query=Data+Analyst,Data Analyst,9,133888708
Руководитель группы аналитиков,,Москва,Опыт 3-6 лет,https://hh.ru/vacancy/135142156?query=Data+Analyst,Data Analyst,9,135142156
Performans Manager,OSON (АO BRIO GROUP),"Ташкент, улица Богишамол, 179",Опыт 1-3 года,https://hh.ru/vacancy/136309522?query=Data+Analyst,Data Analyst,9,136309522
Системный аналитик DWH,"МАГНИТ, Розничная сеть. IT",Москва,Опыт 1-3 года,https://hh.ru/vacancy/135387276?query=Data+Analyst,Data Analyst,9,135387276
Data Ananlyst / Аналитик Данных,Ventra,Москва,Опыт 1-3 года,https://hh.ru/vacancy/136031153?query=BI+Analyst,BI Analyst,0,136031153
Специалист по управлению данными / Аналитик данных (Data Analyst/Data Engineer),ООО Бюро Цифровой Трансформации,Москва,Опыт 1-3 года,https://hh.ru/vacancy/136299705?query=BI+Analyst,BI Analyst,0,136299705
BI-аналитик,ТвояАптека.рф,Благовещенск,Опыт 3-6 лет,https://hh.ru/vacancy/136331965?query=BI+Analyst,BI Analyst,0,136331965
Финансовый директор (CFO),СберСпасибо,"Москва, р-н Дорогомилово",Опыт более 6 лет,https://hh.ru/vacancy/136172759?query=BI+Analyst,BI Analyst,0,136172759
BI / Reporting Analyst (Junior+ / Middle),ТОО ECPK IT,"Алматы, микрорайон Мамыр-1",Опыт 1-3 года,https://hh.ru/vacancy/136361266?query=BI+Analyst,BI Analyst,0,136361266
Аналитик данных / Data Analyst,Лаборатория Касперского,Москва,Опыт 1-3 года,https://hh.ru/vacancy/136293785?query=BI+Analyst,BI Analyst,0,136293785
Аналитик данных / Data Analyst / Аналитик DWH,ООО Технохранилище,Москва,Опыт 3-6 лет,https://hh.ru/vacancy/135642767?query=BI+Analyst,BI Analyst,0,135642767
Data Analyst / Аналитик данных,Okkam,Москва,Опыт 1-3 года,https://hh.ru/vacancy/134226236?query=BI+Analyst,BI Analyst,0,134226236
System Analyst \ Business Analyst,YLAB Development,"Москва, р-н Тверской",Опыт 3-6 лет,https://hh.ru/vacancy/136142125?query=BI+Analyst,BI Analyst,0,136142125
Junior разработчик BI,ООО InfoVizion,Москва,Без опыта,https://hh.ru/vacancy/136193666?query=BI+Analyst,BI Analyst,0,136193666
Аналитик управленческой отчетности BI / Data Analyst,ООО Саприм,Москва,Опыт 1-3 года,https://hh.ru/vacancy/136093964?query=BI+Analyst,BI Analyst,0,136093964
BI-аналитик / Аналитик данных,ООО СДС,Москва,Опыт 1-3 года,https://hh.ru/vacancy/136227623?query=BI+Analyst,BI Analyst,0,136227623
Аналитик данных / Data Analyst (Smartup),СП ООО MONO-ELECTRIC,Ташкент,Опыт 1-3 года,https://hh.ru/vacancy/136351468?query=BI+Analyst,BI Analyst,0,136351468
Бизнес аналитик / Business Analyst,Альфа-Деньги,Москва,Опыт 1-3 года,https://hh.ru/vacancy/135836115?query=BI+Analyst,BI Analyst,0,135836115
"Senior Analyst, Search&Recommendations | Старший аналитик, Поиск и Рекомендации",AliExpress,Москва,Опыт 3-6 лет,https://hh.ru/vacancy/136323435?query=BI+Analyst,BI Analyst,0,136323435
BI-аналитик,ООО Тихая Гавань,Санкт-Петербург,Опыт 3-6 лет,https://hh.ru/vacancy/136164025?query=BI+Analyst,BI Analyst,0,136164025
Junior Product Analyst,Kaspi.kz,Алматы,Опыт 1-3 года,https://hh.ru/vacancy/136213963?query=BI+Analyst,BI Analyst,0,136213963
Аналитик данных,БЮРО 1440,Москва,Опыт 3-6 лет,https://hh.ru/vacancy/136320625?query=BI+Analyst,BI Analyst,0,136320625
Системный аналитик,ООО Нестле Бел,Минск,Опыт 1-3 года,https://rabota.by/vacancy/136291136?query=BI+Analyst&hhtmFrom=vacancy_search_list,BI Analyst,0,136291136
Product Analyst/Продуктовый аналитик,Домклик,Москва,Опыт 1-3 года,https://hh.ru/vacancy/136184394?query=BI+Analyst,BI Analyst,0,136184394
Директор по продукту и развитию,ООО Тулс,Москва,Опыт 3-6 лет,https://hh.ru/vacancy/136123967?query=BI+Analyst,BI Analyst,1,136123967
"Аккаунт-менеджер по развитию клиентов (IT, Bitrix24)",ООО Мейк Биз,Москва,Опыт 1-3 года,https://hh.ru/vacancy/136016073?query=BI+Analyst,BI Analyst,1,136016073
"BI-аналитик / Аналитик данных (Power BI, Excel)",ООО LIANEKS TRADE,"Ташкент, 2-й тупик Олтинводий, 61",Опыт 1-3 года,https://hh.ru/vacancy/135915471?query=BI+Analyst,BI Analyst,1,135915471
Менеджер по продажам в IT,ООО Мейк Биз,Москва,Опыт 1-3 года,https://hh.ru/vacancy/136016037?query=BI+Analyst,BI Analyst,1,136016037
Chief Digital Officer (CDO) / Digital Transformation Director,ООО KEYSOFT,Ташкент,Опыт более 6 лет,https://hh.ru/vacancy/136248855?query=BI+Analyst,BI Analyst,1,136248855
Product Analyst,ТОО Wisebits,Тбилиси,Опыт более 6 лет,https://hh.ru/vacancy/136326869?query=BI+Analyst,BI Analyst,1,136326869
Системный бизнес-аналитик Business Systems Analyst,БиоСтайл,Москва,Опыт более 6 лет,https://hh.ru/vacancy/136194903?query=BI+Analyst,BI Analyst,1,136194903
Senior Data Analyst,Employcity,"Москва, р-н Тверской",Опыт более 6 лет,https://hh.ru/vacancy/136326595?query=BI+Analyst,BI Analyst,1,136326595
Аналитик закупок / Data Analyst (цифровизация закупочных процессов),BI Group. BI Development,Астана,Опыт 3-6 лет,https://hh.ru/vacancy/136355780?query=BI+Analyst,BI Analyst,1,136355780
Аналитик данных/Старший аналитик/Бизнес-аналитик,АНО Центр Компетенций в Сфере Производительности Труда Краснодарского Края,"Краснодар, р-н Карасунский",Опыт 3-6 лет,https://hh.ru/vacancy/136352738?query=BI+Analyst,BI Analyst,1,136352738
BI-аналитик,S7 Group,Москва,Опыт 1-3 года,https://hh.ru/vacancy/136031597?query=BI+Analyst,BI Analyst,1,136031597
Старший ИТ бизнес-партнер,HALEON,Москва,Опыт 3-6 лет,https://hh.ru/vacancy/136131002?query=BI+Analyst,BI Analyst,1,136131002
Аналитик данных,ТОО ЧАСТНАЯ КОМПАНИЯ INTERNATIONAL TRADING SYSTEM LIMITED,"Астана, улица Достык, 16",Опыт 3-6 лет,https://hh.ru/vacancy/136253912?query=BI+Analyst,BI Analyst,1,136253912
Lead Business Analyst/Team Lead Business Analyst/Руководитель бизнес-аналитиков,Vig Trans,Москва,Опыт 3-6 лет,https://hh.ru/vacancy/135845974?query=BI+Analyst,BI Analyst,1,135845974
Бизнес-аналитик (Земельные отношения),ПАО ДОМ.РФ Другие подразделения,Москва,Опыт 1-3 года,https://hh.ru/vacancy/136205573?query=BI+Analyst,BI Analyst,1,136205573
Middle Business Analyst,Kaspi.kz,Алматы,Опыт 1-3 года,https://hh.ru/vacancy/136244078?query=BI+Analyst,BI Analyst,1,136244078
"Бизнес-аналитик по CRM, автоматизации и AI-проектам",ТОО Marketing GID,город республиканского значения Астана,Опыт 1-3 года,https://hh.ru/vacancy/136320816?query=BI+Analyst,BI Analyst,1,136320816
"BI-разработчик / Data Analyst Загородный отель, Московская область",Рябиновый берег,городской округ Мытищи,Опыт 3-6 лет,https://hh.ru/vacancy/135807248?query=BI+Analyst,BI Analyst,1,135807248
Business Analyst,Spayz.io,Минск,Опыт 3-6 лет,https://hh.ru/vacancy/136081564?query=BI+Analyst,BI Analyst,1,136081564
Ведущий продуктовый аналитик в команду CRM маркетинга\Product Analyst Middle – Marketing (CRM),S8 Capital,Москва,Без опыта,https://hh.ru/vacancy/136303489?query=BI+Analyst,BI Analyst,1,136303489
Ведущий BI-аналитик / Эксперт Power BI,ООО Йуми,Москва,Опыт 3-6 лет,https://hh.ru/vacancy/135977164?query=BI+Analyst,BI Analyst,2,135977164
Бизнес-аналитик/BI-аналитик,ООО Айдеко,Екатеринбург,Опыт 3-6 лет,https://hh.ru/vacancy/136256504?query=BI+Analyst,BI Analyst,2,136256504
Finance analyst/Финансовый аналитик (продажи),Reckitt,Москва,Опыт 3-6 лет,https://hh.ru/vacancy/136261156?query=BI+Analyst,BI Analyst,2,136261156
Контент-маркетолог / редактор B2B IT,ООО Денвик,Казань,Опыт 1-3 года,https://hh.ru/vacancy/136229483?query=BI+Analyst,BI Analyst,2,136229483
Программист BI,ООО ПМХ-Инфотех,"Тула, р-н Центральный",Опыт 3-6 лет,https://hh.ru/vacancy/136045533?query=BI+Analyst,BI Analyst,2,136045533
Transaction Efficiency Manager,Adviva,Астана,Опыт 1-3 года,https://hh.ru/vacancy/136327429?query=BI+Analyst,BI Analyst,2,136327429
Аналитик данных,СИНЕРГИЯ,Москва,Опыт 3-6 лет,https://hh.ru/vacancy/136311691?query=BI+Analyst,BI Analyst,2,136311691
Графический дизайнер,ООО Свит Кэт Шоп,"Иваново, р-н Фрунзенский",Без опыта,https://hh.ru/vacancy/135545824?query=BI+Analyst,BI Analyst,2,135545824
Аналитик отдела по работе с ключевыми клиентами / Customer Business Analyst,Арнест ЮниРусь,Москва,Опыт 1-3 года,https://hh.ru/vacancy/136124742?query=BI+Analyst,BI Analyst,2,136124742
Аналитик бизнес решений (BI Analyst),ТОО Нестле Фуд Казахстан,"Алматы, улица Тимирязева, 28В",Опыт 1-3 года,https://hh.ru/vacancy/135786386?query=BI+Analyst,BI Analyst,2,135786386
Руководитель дирекции аналитики,Российское общество Знание,Москва,Опыт более 6 лет,https://hh.ru/vacancy/135617685?query=BI+Analyst,BI Analyst,2,135617685
Начинающий аналитик данных / BI-аналитик,ACCELERATION,Москва,Опыт 1-3 года,https://hh.ru/vacancy/135475242?query=BI+Analyst,BI Analyst,2,135475242
Data Analyst,.wrk,Мексика,Опыт 1-3 года,https://hh.ru/vacancy/135775117?query=BI+Analyst,BI Analyst,2,135775117
Аналитик данных/Data Analyst,ФГУП ЦРП,Москва,Опыт 3-6 лет,https://hh.ru/vacancy/135399672?query=BI+Analyst,BI Analyst,2,135399672
Специалист по управлению товарными запасами и товародвижением / Demand Planner (Китай),SILVERME JEWELRY,Москва,Опыт 1-3 года,https://hh.ru/vacancy/135622776?query=BI+Analyst,BI Analyst,2,135622776
Разработчик 1С,ООО Твоя Сеть,"Тюмень, р-н Центральный",Опыт 1-3 года,https://hh.ru/vacancy/136293049?query=BI+Analyst,BI Analyst,2,136293049
Руководитель проектов ИИ и автоматизации,ГК Дикомп,"Саратов, р-н Кировский",Опыт 1-3 года,https://hh.ru/vacancy/135434844?query=BI+Analyst,BI Analyst,2,135434844
Главный аналитик данных,"ГРЧЦ, ФГУП",Москва,Опыт 3-6 лет,https://hh.ru/vacancy/136178356?query=BI+Analyst,BI Analyst,2,136178356
BI-разработчик/ BI-аналитик(Junior+/Middle),FIX,Казань,Опыт 1-3 года,https://hh.ru/vacancy/135206389?query=BI+Analyst,BI Analyst,2,135206389
"Руководитель отдела маркетинга / Head of Marketing по CRM, автоматизации и AI-проектам",ТОО Marketing GID,Костанай,Опыт 1-3 года,https://hh.ru/vacancy/136320830?query=BI+Analyst,BI Analyst,2,136320830
BI-аналитик,ООО Газпром информ,Санкт-Петербург,Опыт 3-6 лет,https://hh.ru/vacancy/130917469?query=BI+Analyst,BI Analyst,3,130917469
"Специалист по государственным закупкам / развитие CRM, 1С и IT-проектов",ТОО Marketing GID,город республиканского значения Астана,Без опыта,https://hh.ru/vacancy/136003631?query=BI+Analyst,BI Analyst,3,136003631
BI – Аналитик/BI – разработчик,ООО Программный Инжиниринг и Технологии,Москва,Опыт 3-6 лет,https://hh.ru/vacancy/135690070?query=BI+Analyst,BI Analyst,3,135690070
BI аналитик (middle),ВкусВилл. Офис,Москва,Опыт 1-3 года,https://hh.ru/vacancy/136072703?query=BI+Analyst,BI Analyst,3,136072703
Консультант-аналитик по решениям для ритейла (BI / ИИ),ООО InfoVizion,Москва,Опыт более 6 лет,https://hh.ru/vacancy/136042912?query=BI+Analyst,BI Analyst,3,136042912
Analyst/Маркетинговый аналитик (Jun+),Rocket10,Москва,Опыт 1-3 года,https://hh.ru/vacancy/134215139?query=BI+Analyst,BI Analyst,3,134215139
Менеджер по экономической эффективности (Судоходная компания) в Турцию,,Москва,Без опыта,https://hh.ru/vacancy/135942623?query=BI+Analyst,BI Analyst,3,135942623
Аналитик данных/Data Analyst,Федеральное автономное учреждение «Национальный институт аккредитации» (ФАУ НИА),Москва,Опыт 3-6 лет,https://hh.ru/vacancy/135970061?query=BI+Analyst,BI Analyst,3,135970061
Junior Sales Analyst,Citi Fuel (ООО Staff Atlantic),"Ташкент, улица Афросиаб, 12",Опыт 1-3 года,https://hh.ru/vacancy/135937206?query=BI+Analyst,BI Analyst,3,135937206
Аналитик данных,"МАГНИТ, Розничная сеть. IT",Москва,Опыт 1-3 года,https://hh.ru/vacancy/135851267?query=BI+Analyst,BI Analyst,3,135851267
Аналитик,MARSHALL,Санкт-Петербург,Опыт 1-3 года,https://hh.ru/vacancy/135899384?query=BI+Analyst,BI Analyst,3,135899384
Huawei Retail Specialist,ТОО Хуавей Текнолоджиз Казахстан,"Алматы, проспект Достык, 210Б",Опыт 1-3 года,https://hh.ru/vacancy/135189594?query=BI+Analyst,BI Analyst,3,135189594
Старший продуктовый аналитик (Senior Product Analyst),getmatch,"Москва, р-н Аэропорт",Опыт 3-6 лет,https://hh.ru/vacancy/136341122?query=BI+Analyst,BI Analyst,3,136341122
Руководитель проектов,Первый Бит,"Хабаровск, р-н Центральный",Опыт 1-3 года,https://hh.ru/vacancy/135681829?query=BI+Analyst,BI Analyst,3,135681829
Тестировщик-автоматизатор,Этажи Федеральная компания,"Тюмень, р-н Восточный",Опыт 1-3 года,https://hh.ru/vacancy/136005222?query=BI+Analyst,BI Analyst,3,136005222
Data Engineer,АО Владхлеб,"Владивосток, Народный проспект, 29",Опыт 1-3 года,https://hh.ru/vacancy/135812944?query=BI+Analyst,BI Analyst,3,135812944
Head of Performance Marketing / Performance Lead (iGaming / Online Lottery),UREMONT,Москва,Опыт 3-6 лет,https://hh.ru/vacancy/136079111?query=BI+Analyst,BI Analyst,3,136079111
"Руководитель отдела продаж / РОП по CRM, автоматизации и AI-проектам",ТОО Marketing GID,Алматы,Без опыта,https://hh.ru/vacancy/136320846?query=BI+Analyst,BI Analyst,3,136320846
Economist / financial analyst (экономист / финансовый аналитик),АО МЕЖРЕГИОНТРУБОПРОВОДСТРОЙ,"Сектор 3, Бизнес-Бей, Бизнес Бей, ME Dubai by Meliá",Опыт 3-6 лет,https://hh.ru/vacancy/136078789?query=BI+Analyst,BI Analyst,3,136078789
Data analyst,Сбер. IT,Нижний Новгород,Опыт 1-3 года,https://hh.ru/vacancy/136265771?query=BI+Analyst,BI Analyst,3,136265771
Продуктовый аналитик (онлайн-банк ФЛ),ПАО БАНК УРАЛСИБ,Москва,Опыт 1-3 года,https://hh.ru/vacancy/134018690?query=BI+Analyst,BI Analyst,4,134018690
Бизнес-аналитик BI,ООО Объединенные кондитеры,Москва,Опыт 3-6 лет,https://hh.ru/vacancy/135836991?query=BI+Analyst,BI Analyst,4,135836991
Руководитель перформанс-маркетинга (Head of Performance Marketing),"Команда Мечты, Маркетинг и продажи","Санкт-Петербург, р-н Центральный",Опыт 3-6 лет,https://hh.ru/vacancy/135785326?query=BI+Analyst,BI Analyst,4,135785326
Data Engineer / Analyst,X-Cart (ООО Креативные Технологии),"Ульяновск, р-н Ленинский",Опыт 1-3 года,https://hh.ru/vacancy/135358251?query=BI+Analyst,BI Analyst,4,135358251
Data Analyst Senior,YLAB Development,"Москва, р-н Тверской",Опыт более 6 лет,https://hh.ru/vacancy/135774302?query=BI+Analyst,BI Analyst,4,135774302
Разработчик 1С Зарплата и управление персоналом,ООО Твоя Сеть,"Тюмень, р-н Центральный",Опыт 1-3 года,https://hh.ru/vacancy/136294275?query=BI+Analyst,BI Analyst,4,136294275
Ресёрч-аналитик отдела продаж,SellerGroup,Санкт-Петербург,Опыт 1-3 года,https://hh.ru/vacancy/135786925?query=BI+Analyst,BI Analyst,4,135786925
Продуктовый аналитик (middle-senior),AllTYRES | Импорт и Продажа Автомобилей,Москва,Опыт 3-6 лет,https://hh.ru/vacancy/135491533?query=BI+Analyst,BI Analyst,4,135491533
BI Разработчик,АО РусГидро ОЦО,Нижний Новгород,Опыт 1-3 года,https://hh.ru/vacancy/135777449?query=BI+Analyst,BI Analyst,4,135777449
Финансовый аналитик,ТОО Ecash 3,Алматы,Опыт 1-3 года,https://hh.ru/vacancy/135523828?query=BI+Analyst,BI Analyst,4,135523828
Аналитик по отраслевой и продуктовой отчетности/ BI-аналитик,АО Просвещение,Москва,Опыт 1-3 года,https://hh.ru/vacancy/135993600?query=BI+Analyst,BI Analyst,4,135993600
Руководитель управления безопасности,"X5, Управляющая компания",Екатеринбург,Опыт 1-3 года,https://hh.ru/vacancy/135930710?query=BI+Analyst,BI Analyst,4,135930710
"BI-аналитик (Отдел моделирования, автоматизации и визуализации данных)",СПб ГКУ Санкт-Петербургский информационно-аналитический центр,Санкт-Петербург,Опыт 1-3 года,https://hh.ru/vacancy/131992603?query=BI+Analyst,BI Analyst,4,131992603
BI Analyst middle (Сербия),Employcity,Белград,Опыт 3-6 лет,https://hh.ru/vacancy/134343633?query=BI+Analyst,BI Analyst,4,134343633
BI- инженер,ООО Цифровые привычки,Москва,Опыт 1-3 года,https://hh.ru/vacancy/135781936?query=BI+Analyst,BI Analyst,4,135781936
Аналитик данных (Data analyst),"Красное & Белое, розничная сеть","Москва, р-н Пресненский",Опыт 1-3 года,https://hh.ru/vacancy/115109674?query=BI+Analyst,BI Analyst,4,115109674
Product Analyst,ООО Ок Софт,Москва,Опыт 3-6 лет,https://hh.ru/vacancy/135831324?query=BI+Analyst,BI Analyst,4,135831324
Лидер инициативы управления ценностью данных и Data Marketplace / Head of Data Value Management,Сбер для экспертов,Москва,Опыт более 6 лет,https://hh.ru/vacancy/136266325?query=BI+Analyst,BI Analyst,4,136266325
Руководитель направления по управлению данными,"ПАО Держава , АКБ",Москва,Опыт 3-6 лет,https://hh.ru/vacancy/135520547?query=BI+Analyst,BI Analyst,4,135520547
Growth Analyst / Аналитик перформанс-маркетинга,ТОО Invictus Astana,Алматы,Опыт 3-6 лет,https://hh.ru/vacancy/136141635?query=BI+Analyst,BI Analyst,4,136141635
Директор по логистике (транспортная экспедиция),ООО РД Транспорт,Москва,Опыт 3-6 лет,https://hh.ru/vacancy/136028608?query=BI+Analyst,BI Analyst,5,136028608
Аналитик данных,Okko,Москва,Опыт 3-6 лет,https://hh.ru/vacancy/135545262?query=BI+Analyst,BI Analyst,5,135545262
Системный аналитик,АО PAYNET,"Ташкент, 1-й проезд Мукими, 59",Опыт 3-6 лет,https://hh.ru/vacancy/132626240?query=BI+Analyst,BI Analyst,5,132626240
Аналитик данных,ГКУ Инфогород,"Москва, р-н Басманный",Опыт 1-3 года,https://hh.ru/vacancy/135779652?query=BI+Analyst,BI Analyst,5,135779652
Finance Business Partner / Бизнес-партнер по финансовым вопросам,АстраЗенека,Москва,Опыт 3-6 лет,https://hh.ru/vacancy/135902773?query=BI+Analyst,BI Analyst,5,135902773
Главный специалист Департамента транзакционного бизнеса,АКБ Тенге Банк,"Ташкент, улица Ислама Каримова, 1/1Б",Опыт 1-3 года,https://hh.ru/vacancy/125524686?query=BI+Analyst,BI Analyst,5,125524686
Бизнес-аналитик 1С,ООО Профессиональные кадры,"Курск, р-н Сеймский",Опыт 3-6 лет,https://hh.ru/vacancy/134097834?query=BI+Analyst,BI Analyst,5,134097834
Data analyst,ГКУ Инфогород,Москва,Опыт 3-6 лет,https://hh.ru/vacancy/135954349?query=BI+Analyst,BI Analyst,5,135954349
Стажёр в отдел недвижимости,Этажи Урал,"Сургут, р-н Центральный",Без опыта,https://hh.ru/vacancy/133071586?query=BI+Analyst,BI Analyst,5,133071586
Аналитик данных \ Data Analyst,ООО Марс,Москва,Опыт 3-6 лет,https://hh.ru/vacancy/135847836?query=BI+Analyst,BI Analyst,5,135847836
Junior Product Analyst,ООО Хайкор Геймз,Минск,Опыт 1-3 года,https://rabota.by/vacancy/135560876?query=BI+Analyst&hhtmFrom=vacancy_search_list,BI Analyst,5,135560876
Data analyst,ООО Лоция,Москва,Опыт 3-6 лет,https://hh.ru/vacancy/135373087?query=BI+Analyst,BI Analyst,5,135373087
Аналитик данных/Data Analyst,Aston,Москва,Опыт 3-6 лет,https://hh.ru/vacancy/135894851?query=BI+Analyst,BI Analyst,5,135894851
"Менеджер по развитию CRM, 1С и AI-проектов",ТОО Marketing GID,Алматы,Опыт 1-3 года,https://hh.ru/vacancy/136320781?query=BI+Analyst,BI Analyst,5,136320781
Аналитик / Middle Analyst,Adam Frost,Москва,Опыт 1-3 года,https://hh.ru/vacancy/135682248?query=BI+Analyst,BI Analyst,5,135682248
Разработчик Power BI (BI-аналитик),Ригла,Нижний Новгород,Опыт 3-6 лет,https://hh.ru/vacancy/135868256?query=BI+Analyst,BI Analyst,5,135868256
BI-аналитик,ГУП МО МОСОБЛВОДОКАНАЛ,"деревня Раздоры, Рублёво-Успенское шоссе, 1-й километр, 1",Опыт 1-3 года,https://hh.ru/vacancy/132721868?query=BI+Analyst,BI Analyst,5,132721868
BI-аналитик,"Монетка, Торговая сеть","Москва, р-н Тверской",Опыт 3-6 лет,https://hh.ru/vacancy/135814993?query=BI+Analyst,BI Analyst,5,135814993
Аналитик данных,Selecty,Москва,Опыт 3-6 лет,https://hh.ru/vacancy/135372782?query=BI+Analyst,BI Analyst,5,135372782
Traffic analyst,Azura Infinity,Москва,Опыт 1-3 года,https://hh.ru/vacancy/136031368?query=BI+Analyst,BI Analyst,5,136031368
Cтарший Финансовый аналитик/Senior Financial Analyst Russia&CIS,AbbVie,"Москва, р-н Войковский",Опыт 3-6 лет,https://hh.ru/vacancy/131766081?query=BI+Analyst,BI Analyst,6,131766081
Аналитик Data Governance (МГТС),"""МТС"", Работа в IT","Москва, р-н Красносельский",Опыт 1-3 года,https://hh.ru/vacancy/134873873?query=BI+Analyst,BI Analyst,6,134873873
"Проектный KAM по продажам НКУ (B2B, проектные продажи, электротехника) / Project Key Account Manager","Провенто, ГК",Москва,Опыт 1-3 года,https://hh.ru/vacancy/135873291?query=BI+Analyst,BI Analyst,6,135873291
Middle Product Analyst (Продуктовый аналитик),АО CLICK,Ташкент,Опыт 1-3 года,https://hh.ru/vacancy/135692281?query=BI+Analyst,BI Analyst,6,135692281
Project Manager CRM,DDX Fitness,Москва,Опыт 3-6 лет,https://hh.ru/vacancy/135831404?query=BI+Analyst,BI Analyst,6,135831404
BI-аналитик / аналитик данных,Онлайн-школа №1,Санкт-Петербург,Опыт 3-6 лет,https://hh.ru/vacancy/133918089?query=BI+Analyst,BI Analyst,6,133918089
Системный аналитик DWH,ООО МФК ВЭББАНКИР,Москва,Опыт 3-6 лет,https://hh.ru/vacancy/135829589?query=BI+Analyst,BI Analyst,6,135829589
Аналитик,Частная компания EURASIAN RETАIL GROUP Limited,Алматы,Опыт 3-6 лет,https://hh.ru/vacancy/135423014?query=BI+Analyst,BI Analyst,6,135423014
BI-аналитик,АО Владхлеб,"Владивосток, Народный проспект, 29",Опыт 1-3 года,https://hh.ru/vacancy/135812955?query=BI+Analyst,BI Analyst,6,135812955
Аналитик данных (Debt collection analyst),ТОО MELKAZ,Кейптаун,Опыт 3-6 лет,https://hh.ru/vacancy/136032860?query=BI+Analyst,BI Analyst,6,136032860
Руководитель отдела продаж (инновационное производство биопротезов),HR-Иркутск,"Иркутск, р-н Правобережный",Опыт более 6 лет,https://hh.ru/vacancy/135652589?query=BI+Analyst,BI Analyst,6,135652589
Data Analyst (ML) / Аналитик данных,Арнест ЮниРусь,Москва,Опыт 3-6 лет,https://hh.ru/vacancy/134687022?query=BI+Analyst,BI Analyst,6,134687022
Аналитик (отдел Ассортиментного планирования),OSTIN. Офис и мастерская,Москва,Опыт 1-3 года,https://hh.ru/vacancy/135648187?query=BI+Analyst,BI Analyst,6,135648187
Руководитель продукта платформы управления доступом / Product owner IAM,VVP Group,Химки,Опыт 3-6 лет,https://hh.ru/vacancy/135120843?query=BI+Analyst,BI Analyst,6,135120843
Специалист сервисной поддержки и аналитики ОЦО,АО Русская медная компания,Екатеринбург,Опыт 1-3 года,https://hh.ru/vacancy/135187155?query=BI+Analyst,BI Analyst,6,135187155
Финансовый аналитик (МГТС),"""МТС"", Аналитика",Москва,Опыт 3-6 лет,https://hh.ru/vacancy/136035434?query=BI+Analyst,BI Analyst,6,136035434
Аналитик данных (DWH / BI / PySpark),Сбер. IT,Москва,Опыт 1-3 года,https://hh.ru/vacancy/135918435?query=BI+Analyst,BI Analyst,6,135918435
Аналитик мастер-данных / Sales Business Analyst,ТОО Apple City Corps,Алматы,Опыт 3-6 лет,https://hh.ru/vacancy/135985998?query=BI+Analyst,BI Analyst,6,135985998
Middle BI-аналитик,Московский филиал АО ЦентрИнформ,Москва,Без опыта,https://hh.ru/vacancy/134277628?query=BI+Analyst,BI Analyst,6,134277628
Senior BI Analyst (Tableau),Marfatech,Москва,Опыт 3-6 лет,https://hh.ru/vacancy/135991364?query=BI+Analyst,BI Analyst,6,135991364
Senior Data Analyst,Korzinka (Anglesey food),"Ташкент, Малая кольцевая дорога, 4/1блок4",Опыт 3-6 лет,https://hh.ru/vacancy/136059603?query=BI+Analyst,BI Analyst,7,136059603
Senior Data Analyst,STARTRIBE LTD. Разработка,Тбилиси,Опыт 3-6 лет,https://hh.ru/vacancy/134655945?query=BI+Analyst,BI Analyst,7,134655945
AI Data Team Lead,АО Home Credit Bank (ДБ АО «ForteBank»),Алматы,Опыт 3-6 лет,https://hh.ru/vacancy/136236909?query=BI+Analyst,BI Analyst,7,136236909
Руководитель группы клиентского анализа,"Inventive Retail Group, Офис",Москва,Опыт 1-3 года,https://hh.ru/vacancy/136036539?query=BI+Analyst,BI Analyst,7,136036539
Ведущий экономист проекта,Группа RBI,Санкт-Петербург,Опыт 3-6 лет,https://hh.ru/vacancy/134846033?query=BI+Analyst,BI Analyst,7,134846033
Разработчик BI (Аналитик-разработчик),АО ПРОГРЕСС,Москва,Опыт 3-6 лет,https://hh.ru/vacancy/135847375?query=BI+Analyst,BI Analyst,7,135847375
Маркетинговый аналитик (WEB /APP),Rendez-Vous. Офис,"Москва, р-н Восточное Дегунино",Опыт 3-6 лет,https://hh.ru/vacancy/135517331?query=BI+Analyst,BI Analyst,7,135517331
Аналитик корпоративной отчетности,S7 Group,Москва,Опыт 3-6 лет,https://hh.ru/vacancy/135423085?query=BI+Analyst,BI Analyst,7,135423085
"Senior BI Analyst (Tableau, Python)",Marfatech,Москва,Опыт 3-6 лет,https://hh.ru/vacancy/135991584?query=BI+Analyst,BI Analyst,7,135991584
Разработчик программист интегратор Битрикс24 / АмоСРМ,ИП Бояров Андрей Николаевич,"Уфа, р-н Октябрьский",Опыт 3-6 лет,https://hh.ru/vacancy/135738498?query=BI+Analyst,BI Analyst,7,135738498
Владелец продукта «Рост партнёрской экосистемы» / Product Owner Enterprise Partner Growth,VVP Group,Химки,Опыт 3-6 лет,https://hh.ru/vacancy/135624316?query=BI+Analyst,BI Analyst,7,135624316
BI/Data Analyst,Team.Inno / Фабрика инноваций и решений,Минск,Опыт 1-3 года,https://rabota.by/vacancy/128755554?query=BI+Analyst&hhtmFrom=vacancy_search_list,BI Analyst,7,128755554
Руководитель продуктовой аналитики и исследований,ГКУ Инфогород,Москва,Опыт более 6 лет,https://hh.ru/vacancy/135614375?query=BI+Analyst,BI Analyst,7,135614375
Middle BI Analyst (Tableau),ТОО Connectivity Solutions (Коннективити Солюшнз),Алматы,Опыт 1-3 года,https://hh.ru/vacancy/135917941?query=BI+Analyst,BI Analyst,7,135917941
Преподаватель на курс по Аналитике данных,Бруноям,Санкт-Петербург,Опыт 1-3 года,https://hh.ru/vacancy/136133487?query=BI+Analyst,BI Analyst,7,136133487
Руководитель службы коммерческой аналитики,ООО Акваарт,Санкт-Петербург,Опыт более 6 лет,https://hh.ru/vacancy/135624571?query=BI+Analyst,BI Analyst,7,135624571
Senior Data Analyst,ООО TRADINGVIEW GEORGIA,"Тбилиси, улица Жиули Шартава, 31/33",Опыт 3-6 лет,https://hh.ru/vacancy/135851808?query=BI+Analyst,BI Analyst,7,135851808
Middle Data Analyst – Аналитик по IFRS 9 и кредитному риску,Управление рисками,"Ташкент, Мирзо-Улугбекский район, улица Шахрисабз, 30",Опыт 1-3 года,https://hh.ru/vacancy/136155473?query=BI+Analyst,BI Analyst,7,136155473
"Проектный KAM по продажам НКУ (B2B, проектные продажи, электротехника) / Project Key Account Manager","Провенто, ГК",Новосибирск,Опыт 1-3 года,https://hh.ru/vacancy/135873568?query=BI+Analyst,BI Analyst,7,135873568
Product Analyst (B2C),Ингосстрах,Москва,Опыт 1-3 года,https://hh.ru/vacancy/135591420?query=BI+Analyst,BI Analyst,7,135591420
Senior Product analyst,Островок.Ostrovok!Tech,Москва,Опыт 3-6 лет,https://hh.ru/vacancy/134027772?query=BI+Analyst,BI Analyst,8,134027772
Marketing Data Engineer,STARTRIBE LTD. Маркетинг,Кипр,Опыт 3-6 лет,https://hh.ru/vacancy/135556304?query=BI+Analyst,BI Analyst,8,135556304
"Senior Data Analyst (Дивизион ""Защитные страховые продукты и сервисы"")",Сбер для экспертов,Москва,Опыт 3-6 лет,https://hh.ru/vacancy/136029737?query=BI+Analyst,BI Analyst,8,136029737
Data analyst,Сбер для экспертов,Москва,Опыт 3-6 лет,https://hh.ru/vacancy/135946114?query=BI+Analyst,BI Analyst,8,135946114
Начальник отдела разработки DWH и BI,ООО РМК Диджитал,Екатеринбург,Опыт 3-6 лет,https://hh.ru/vacancy/127560152?query=BI+Analyst,BI Analyst,8,127560152
"Проектный KAM по продажам НКУ (B2B, проектные продажи, электротехника) / Project Key Account Manager","Провенто, ГК",Санкт-Петербург,Опыт 1-3 года,https://hh.ru/vacancy/135610862?query=BI+Analyst,BI Analyst,8,135610862
Риелтор-стажер,Этажи Урал,"Нижневартовск, улица Героев Самотлора, 18",Без опыта,https://hh.ru/vacancy/135552476?query=BI+Analyst,BI Analyst,8,135552476
Эксперт по автоматизации отчетности Казначейства (BI аналитик),МТС Банк. Головной офис,Москва,Опыт 3-6 лет,https://hh.ru/vacancy/133613511?query=BI+Analyst,BI Analyst,8,133613511
Системный аналитик DWH (Systems analyst DWH),А2 Консалтинг,Минск,Опыт 1-3 года,https://rabota.by/vacancy/132548754?query=BI+Analyst&hhtmFrom=vacancy_search_list,BI Analyst,8,132548754
Руководитель отдела финансовой аналитики,MANGO OFFICE,Москва,Опыт 3-6 лет,https://hh.ru/vacancy/135365133?query=BI+Analyst,BI Analyst,8,135365133
Product Analyst (WEB),STARTRIBE LTD. Разработка,Лимасол,Опыт более 6 лет,https://hh.ru/vacancy/135996939?query=BI+Analyst,BI Analyst,8,135996939
HR-аналитик,АНО Среда Возможностей,Москва,Опыт 3-6 лет,https://hh.ru/vacancy/135483146?query=BI+Analyst,BI Analyst,8,135483146
Бизнес-аналитик,ООО РусХимАльянс,Санкт-Петербург,Опыт 3-6 лет,https://hh.ru/vacancy/133728422?query=BI+Analyst,BI Analyst,8,133728422
Специалист по продажам новостроек,Этажи Сибирь,"Омск, р-н Кировский",Без опыта,https://hh.ru/vacancy/135863176?query=BI+Analyst,BI Analyst,8,135863176
Финансовый менеджер,АО ЭТАЛОН МЕНЕДЖМЕНТ,Москва,Опыт более 6 лет,https://hh.ru/vacancy/134823010?query=BI+Analyst,BI Analyst,8,134823010
Data analyst (Центр розничного риск - моделирования),Сбер. Data Science,Москва,Опыт 1-3 года,https://hh.ru/vacancy/135488895?query=BI+Analyst,BI Analyst,8,135488895
Главный специалист (Data analyst/engineer) Отдела продуктовой разработки,Капиталбанк. Головной офис,"Ташкент, улица Нукус, 86А",Опыт 1-3 года,https://hh.ru/vacancy/134578158?query=BI+Analyst,BI Analyst,8,134578158
Middle data analyst,Korzinka (Anglesey food),Ташкент,Опыт 1-3 года,https://hh.ru/vacancy/135814049?query=BI+Analyst,BI Analyst,8,135814049
Бизнес-тренер,ТОО ПРОГРЕСС&CO,"Алматы, проспект Абылай хана, 60",Опыт 3-6 лет,https://hh.ru/vacancy/135991630?query=BI+Analyst,BI Analyst,8,135991630
Data analyst CVM,АО Kcell,"Алматы, улица Тимирязева, 2Г",Опыт 3-6 лет,https://hh.ru/vacancy/135506729?query=BI+Analyst,BI Analyst,8,135506729
Senior Product Owner,Розничный бизнес и МСБ,"Ташкент, Мирзо-Улугбекский район, улица Шахрисабз, 30",Опыт 3-6 лет,https://hh.ru/vacancy/136031135?query=BI+Analyst,BI Analyst,9,136031135
Team Lead Product Analytics / Руководитель группы продуктовой аналитики,Ситидрайв,Москва,Опыт 3-6 лет,https://hh.ru/vacancy/135396053?query=BI+Analyst,BI Analyst,9,135396053
Lead HR Data Analyst,HR,"Ташкент, Мирзо-Улугбекский район, улица Шахрисабз, 30",Опыт 3-6 лет,https://hh.ru/vacancy/135539526?query=BI+Analyst,BI Analyst,9,135539526
Дата архитектор - Data Architect (Data Team Lead),ООО SOCIALTECH,"Ташкент, 3-й проезд Янгизамон, 1",Опыт более 6 лет,https://hh.ru/vacancy/135594313?query=BI+Analyst,BI Analyst,9,135594313
Senior Application Security Engineer (AppSec),BI Group. BI Engineering & Construction,"Астана, улица Сыганак, 17М",Опыт 3-6 лет,https://hh.ru/vacancy/135436341?query=BI+Analyst,BI Analyst,9,135436341
Product / Financial Analyst (LTV & Customer Analytics),Розничный бизнес и МСБ,"Ташкент, Мирзо-Улугбекский район, улица Шахрисабз, 30",Опыт 3-6 лет,https://hh.ru/vacancy/135943401?query=BI+Analyst,BI Analyst,9,135943401
Data Analyst (Senior),АО ANOR BANK,"Ташкент, улица Истикбол, 21",Опыт 3-6 лет,https://hh.ru/vacancy/135374739?query=BI+Analyst,BI Analyst,9,135374739
"Аналитик данных (Power BI, финансы/банки)",ТОО БИЛАБС,Алматы,Опыт 1-3 года,https://hh.ru/vacancy/136219926?query=BI+Analyst,BI Analyst,9,136219926
BI Developer,ТОО MELKAZ,Алматы,Опыт 1-3 года,https://hh.ru/vacancy/135536600?query=BI+Analyst,BI Analyst,9,135536600
"Junior Risk Analyst (Fintech, POS-кредитование)",ООО PAYLATER,"Ташкент, улица Афросиаб, 14",Опыт 1-3 года,https://hh.ru/vacancy/135589295?query=BI+Analyst,BI Analyst,9,135589295
Financial analyst,ООО Index Consulting Company,"Ташкент, улица Шивли, 29",Опыт более 6 лет,https://hh.ru/vacancy/135814737?query=BI+Analyst,BI Analyst,9,135814737
Менеджер по B2B-продажам финансовой услуги (Алматы),ИП Almaty Business Services and Solutions,Алматы,Опыт 3-6 лет,https://hh.ru/vacancy/135566979?query=BI+Analyst,BI Analyst,9,135566979
"Помощник менеджера по продажам Битрикс24 (удаленно, без опыта, потенциал роста)",ООО Правильные Интеграторы,Минск,Без опыта,https://rabota.by/vacancy/136370548?query=BI+Analyst&hhtmFrom=vacancy_search_list,BI Analyst,9,136370548
Ведущий маркетолог,Simple Life,"Иваново, р-н Фрунзенский",Опыт 3-6 лет,https://hh.ru/vacancy/135937098?query=BI+Analyst,BI Analyst,9,135937098
Бизнес-аналитик BI,Т-Банк. ИТ. DWH,Самара,Опыт 3-6 лет,https://hh.ru/vacancy/136343367?query=BI+Analyst,BI Analyst,9,136343367
Стажер ИТ-аналитик,Т-Банк. ИТ. Аналитика,Нижний Новгород,Без опыта,https://hh.ru/vacancy/135919124?query=BI+Analyst,BI Analyst,9,135919124
Бизнес-аналитик BI,Т-Банк. ИТ. DWH,"Иннополис, Университетская улица, 5",Опыт 3-6 лет,https://hh.ru/vacancy/136343371?query=BI+Analyst,BI Analyst,9,136343371
Руководитель управления стратегической аналитики,"МАГНИТ, Розничная сеть. Офис",Москва,Опыт 3-6 лет,https://hh.ru/vacancy/135748702?query=BI+Analyst,BI Analyst,9,135748702
Руководитель перформанс-маркетинга (Head of Performance Marketing),"Команда Мечты, Маркетинг и продажи","Санкт-Петербург, р-н Центральный",Опыт 3-6 лет,https://hh.ru/vacancy/135976021?query=BI+Analyst,BI Analyst,9,135976021
Руководитель управления безопасности,"X5, Управляющая компания","Пермь, р-н Индустриальный",Опыт 3-6 лет,https://hh.ru/vacancy/135930879?query=BI+Analyst,BI Analyst,9,135930879
Data Scientist,Ventra,Москва,Опыт 1-3 года,https://hh.ru/vacancy/136311467?query=Data+Scientist,Data Scientist,0,136311467
Data Scientist,ООО Ок Софт,Москва,Опыт 1-3 года,https://hh.ru/vacancy/136327913?query=Data+Scientist,Data Scientist,0,136327913
Стажер Data scientist,"ПАО Банк ПСБ, Старт карьеры",Москва,Без опыта,https://hh.ru/vacancy/136021202?query=Data+Scientist,Data Scientist,0,136021202
Data Scientist - стажер,«Zunami»,"Калининград, р-н Ленинградский",Без опыта,https://hh.ru/vacancy/136174391?query=Data+Scientist,Data Scientist,0,136174391
Аналитик данных (Data Scientist),Группа компаний НВМ,"Краснодар, р-н Прикубанский",Опыт 1-3 года,https://hh.ru/vacancy/136265966?query=Data+Scientist,Data Scientist,0,136265966
Системный аналитик,АО Просвещение,Москва,Опыт 3-6 лет,https://hh.ru/vacancy/136292099?query=Data+Scientist,Data Scientist,0,136292099
Junior Data Scientist (Pricing),Drivee,Якутск,Без опыта,https://hh.ru/vacancy/135743748?query=Data+Scientist,Data Scientist,0,135743748
ИИ специалист,Дверянин,"Набережные Челны, БАЗА ЗАО ,,ПОДРЯД,,, 1",Опыт 1-3 года,https://hh.ru/vacancy/136266273?query=Data+Scientist,Data Scientist,0,136266273
Data Scientist,Selecty,Москва,Опыт 3-6 лет,https://hh.ru/vacancy/136350976?query=Data+Scientist,Data Scientist,0,136350976
Python/DS специалист (Middle),SkillStaff,Москва,Опыт 3-6 лет,https://hh.ru/vacancy/135611250?query=Data+Scientist,Data Scientist,0,135611250
Ведущий разработчик искусственного интеллекта/Middle Data scientist,Геномед,Москва,Опыт 1-3 года,https://hh.ru/vacancy/135841447?query=Data+Scientist,Data Scientist,0,135841447
Системный аналитик,ООО Современные Фонды Недвижимости,Москва,Опыт 3-6 лет,https://hh.ru/vacancy/136326664?query=Data+Scientist,Data Scientist,0,136326664
AI Engineer,"HALYK FINANCE, дочерняя организация АО Народный банк",Алматы,Опыт 1-3 года,https://hh.ru/vacancy/136177354?query=Data+Scientist,Data Scientist,0,136177354
Middle Analyst,Adviva,Москва,Опыт 1-3 года,https://hh.ru/vacancy/136084030?query=Data+Scientist,Data Scientist,0,136084030
Junior/Middle Python Data Scientist,SL Soft,Москва,Опыт 1-3 года,https://hh.ru/vacancy/135741195?query=Data+Scientist,Data Scientist,0,135741195
Data Scientist (Поддержка и развитие моделей прогнозирования спроса),ДИКСИ. IT,Москва,Опыт 1-3 года,https://hh.ru/vacancy/135427343?query=Data+Scientist,Data Scientist,0,135427343
Менеджер проектов,Paper Planes,Москва,Опыт 1-3 года,https://hh.ru/vacancy/136072352?query=Data+Scientist,Data Scientist,0,136072352
Data Scientist,Tech Duck,Польша,Опыт 3-6 лет,https://hh.ru/vacancy/136294653?query=Data+Scientist,Data Scientist,0,136294653
Strong Junior / Middle Risk Quant,АО ForteBank,"Астана, улица Достык, 8/1",Опыт 1-3 года,https://hh.ru/vacancy/136173116?query=Data+Scientist,Data Scientist,0,136173116
Инженер по прототипированию ИИ-решений,IBS,"Москва, р-н Пресненский",Опыт 3-6 лет,https://hh.ru/vacancy/136288267?query=Data+Scientist,Data Scientist,0,136288267
Data Science Engineer / Инженер по анализу данных / Инженер по машинному обучению /,ООО Кей Групп,Москва,Опыт 3-6 лет,https://hh.ru/vacancy/135909693?query=Data+Scientist,Data Scientist,1,135909693
"Middle Data Scientist в KION [Big Data, МТС Веб Сервисы]","""МТС"", Работа в IT",Москва,Опыт 1-3 года,https://hh.ru/vacancy/135626045?query=Data+Scientist,Data Scientist,1,135626045
Senior Data Scientist (Availability),Островок.Ostrovok!Tech,Баку,Опыт 3-6 лет,https://hh.ru/vacancy/136328767?query=Data+Scientist,Data Scientist,1,136328767
Руководитель ситуационного центра,ООО Уральская Агропромышленная Группа,"Екатеринбург, р-н Верх-Исетский",Опыт 3-6 лет,https://hh.ru/vacancy/135463438?query=Data+Scientist,Data Scientist,1,135463438
Консультант Data Science / Advanced Analytics в Arthur Consulting,ООО Артур Консалтинг,"Москва, р-н Мещанский",Опыт 1-3 года,https://hh.ru/vacancy/136025849?query=Data+Scientist,Data Scientist,1,136025849
Data Scientist / ML Engineer,Amarcon,Абакан,Опыт 1-3 года,https://hh.ru/vacancy/135514475?query=Data+Scientist,Data Scientist,1,135514475
Заместитель начальника Управления по ИИ,Правительство Московской области,Красногорск,Опыт 3-6 лет,https://hh.ru/vacancy/135539415?query=Data+Scientist,Data Scientist,1,135539415
Data Scientist Middle,Koronatech,"Санкт-Петербург, р-н Центральный",Опыт 1-3 года,https://hh.ru/vacancy/134649839?query=Data+Scientist,Data Scientist,1,134649839
Главный менеджер по аналитике данных и искусственному интеллекту,Специальная организация управления «Alatau City Authority»,Алматы,Опыт более 6 лет,https://hh.ru/vacancy/136243566?query=Data+Scientist,Data Scientist,1,136243566
Data Scientist,Ozon Tech,Москва,Опыт 1-3 года,https://hh.ru/vacancy/134870018?query=Data+Scientist,Data Scientist,1,134870018
ML Engineer,Rubius,Москва,Опыт 3-6 лет,https://hh.ru/vacancy/135828271?query=Data+Scientist,Data Scientist,1,135828271
Senior ML Engineer,ТРТ,Батуми,Опыт более 6 лет,https://hh.ru/vacancy/136208792?query=Data+Scientist,Data Scientist,1,136208792
IT Sales Manager / Менеджер по продажам в IT,Prooftech IT,Москва,Опыт 3-6 лет,https://hh.ru/vacancy/135467060?query=Data+Scientist,Data Scientist,1,135467060
Аналитик данных / Data Scientist,Syngenta,Москва,Опыт 3-6 лет,https://hh.ru/vacancy/135673201?query=Data+Scientist,Data Scientist,1,135673201
"Старший Data Scientist, Возвраты ML",Ozon Tech,Москва,Опыт более 6 лет,https://hh.ru/vacancy/136222175?query=Data+Scientist,Data Scientist,1,136222175
Стажер Data Scientist (Риски),Сбер. Начало карьеры,Москва,Без опыта,https://hh.ru/vacancy/135481657?query=Data+Scientist,Data Scientist,1,135481657
Junior Data Scientist,Artificial Seed,"провинция Бискайя, Басаури, Бильбао",Опыт 1-3 года,https://hh.ru/vacancy/133784376?query=Data+Scientist,Data Scientist,1,133784376
Middle Data Scientist (направление ML — прогнозные модели),ООО Цифровые технологии и платформы,Москва,Опыт 1-3 года,https://hh.ru/vacancy/135792445?query=Data+Scientist,Data Scientist,1,135792445
Middle+ Data Scientist (Модуль отклонений),Сбер. Data Science,Москва,Опыт 1-3 года,https://hh.ru/vacancy/136306892?query=Data+Scientist,Data Scientist,1,136306892
Аналитик отдела продаж / Data Analyst / Data Scientist,"АО Обновление, ПФК","Новосибирск, р-н Ленинский",Опыт 1-3 года,https://hh.ru/vacancy/134958340?query=Data+Scientist,Data Scientist,1,134958340
Data Scientist,ООО Ит-Финанс,Москва,Опыт более 6 лет,https://hh.ru/vacancy/135973061?query=Data+Scientist,Data Scientist,2,135973061
Бизнес-аналитик в продукт «AI-агент по управлению оценкой финансовой эффективности проекта»,Сбер. IT,Москва,Опыт 1-3 года,https://hh.ru/vacancy/136318806?query=Data+Scientist,Data Scientist,2,136318806
Руководитель управления машинного обучения,АльфаСтрахование. ИТ,Москва,Опыт более 6 лет,https://hh.ru/vacancy/135793874?query=Data+Scientist,Data Scientist,2,135793874
Начальник отдела развития интеллектуальных решений,АО РНПК,Москва,Опыт 3-6 лет,https://hh.ru/vacancy/135822924?query=Data+Scientist,Data Scientist,2,135822924
Товарный аналитик,Магазины Ароматный Мир формата food & wine,Москва,Опыт 3-6 лет,https://hh.ru/vacancy/134759940?query=Data+Scientist,Data Scientist,2,134759940
ML-разработчик/Data Scientist (портал Рамблер),"Rambler&Co Портал ""Рамблер""",Москва,Опыт 3-6 лет,https://hh.ru/vacancy/136097258?query=Data+Scientist,Data Scientist,2,136097258
"Data scientist (NLP, LLM)",СБЕРКОРУС,Москва,Опыт 3-6 лет,https://hh.ru/vacancy/128473664?query=Data+Scientist,Data Scientist,2,128473664
"Data Scientist (финтех, X-Sell / CRM) | Москва",Spice IT,Москва,Опыт 3-6 лет,https://hh.ru/vacancy/136035682?query=Data+Scientist,Data Scientist,2,136035682
Anti-Fraud Engineer / Risk Manager,ИП Кимирилов Семен Игоревич,Москва,Опыт 3-6 лет,https://hh.ru/vacancy/135792054?query=Data+Scientist,Data Scientist,2,135792054
Senior data scientist (разработка моделей рисков),Альфа-Банк. Центральный офис,Москва,Опыт 3-6 лет,https://hh.ru/vacancy/132671727?query=Data+Scientist,Data Scientist,2,132671727
Руководитель моделирования и анализа данных (Lead data scientist),Интерлизинг,Москва,Опыт 3-6 лет,https://hh.ru/vacancy/135900007?query=Data+Scientist,Data Scientist,2,135900007
Media Research Manager/Медиааналитик,Игроник,Москва,Опыт 1-3 года,https://hh.ru/vacancy/135398778?query=Data+Scientist,Data Scientist,2,135398778
Data Scientist NLP/LLM,ООО Сбер2B,Москва,Опыт 1-3 года,https://hh.ru/vacancy/135521664?query=Data+Scientist,Data Scientist,2,135521664
Руководитель по моделированию и анализу данных (Lead data scientist),,Москва,Опыт 3-6 лет,https://hh.ru/vacancy/135443604?query=Data+Scientist,Data Scientist,2,135443604
Junior-специалист DataScience,Сбер. IT,Москва,Опыт 1-3 года,https://hh.ru/vacancy/136032570?query=Data+Scientist,Data Scientist,2,136032570
Middle Data Scientist,Сбер. IT,Москва,Опыт 3-6 лет,https://hh.ru/vacancy/136174513?query=Data+Scientist,Data Scientist,2,136174513
Data Scientist со специализацией на табличных данных и временных рядах,ООО ИЦ АЙ-ТЕКО,Москва,Опыт 3-6 лет,https://hh.ru/vacancy/135406345?query=Data+Scientist,Data Scientist,2,135406345
Data Scientist,Сбер. IT,Санкт-Петербург,Опыт 1-3 года,https://hh.ru/vacancy/135705867?query=Data+Scientist,Data Scientist,2,135705867
Data Scientist в команду Disrupt,Сбер. IT,Москва,Опыт 3-6 лет,https://hh.ru/vacancy/136254680?query=Data+Scientist,Data Scientist,2,136254680
Data Scientist,Aston,Санкт-Петербург,Опыт 3-6 лет,https://hh.ru/vacancy/136119315?query=Data+Scientist,Data Scientist,2,136119315
Product Manager (ML / аналитика / цифровые продукты),HRStream,Алматы,Опыт 3-6 лет,https://hh.ru/vacancy/135746068?query=Data+Scientist,Data Scientist,3,135746068
Системный аналитик,Сбер. IT,Москва,Опыт более 6 лет,https://hh.ru/vacancy/136167240?query=Data+Scientist,Data Scientist,3,136167240
Data Scientist (валидация ml моделей),Сбер. IT,Москва,Опыт 3-6 лет,https://hh.ru/vacancy/135691489?query=Data+Scientist,Data Scientist,3,135691489
Senior AI Agent Engineer,Сбер. Data Science,Москва,Опыт 3-6 лет,https://hh.ru/vacancy/136204819?query=Data+Scientist,Data Scientist,3,136204819
ML Engineer (TTS / Speech),АКБ Агробанк,"Ташкент, улица Батыра Закирова, 2А",Опыт 1-3 года,https://hh.ru/vacancy/135652412?query=Data+Scientist,Data Scientist,3,135652412
Data Scientist middle+/senior (ML),РУСАЛ,Москва,Опыт 3-6 лет,https://hh.ru/vacancy/135483225?query=Data+Scientist,Data Scientist,3,135483225
Senior Data Scientist (команда вклады),Сбер. Data Science,Москва,Опыт 3-6 лет,https://hh.ru/vacancy/136118208?query=Data+Scientist,Data Scientist,3,136118208
Инженер по прототипированию ПО (AI / R&D Engineer),IBS,"Москва, р-н Пресненский",Опыт более 6 лет,https://hh.ru/vacancy/135632177?query=Data+Scientist,Data Scientist,3,135632177
Data Scientist (RecSys GigaChat),Сбер. IT,Москва,Опыт 3-6 лет,https://hh.ru/vacancy/135437156?query=Data+Scientist,Data Scientist,3,135437156
Senior Data Scientist. Forecasting (SberAI),Сбер. Data Science,Москва,Опыт 3-6 лет,https://hh.ru/vacancy/136181134?query=Data+Scientist,Data Scientist,3,136181134
Data Scientist (Recommendation Systems),Сбер. IT,Москва,Опыт 3-6 лет,https://hh.ru/vacancy/133909802?query=Data+Scientist,Data Scientist,3,133909802
Data Scientist LLM (Middle),ООО СберМедИИ,"Москва, р-н Можайский",Опыт 3-6 лет,https://hh.ru/vacancy/135760875?query=Data+Scientist,Data Scientist,3,135760875
Data Scientist,ТОО Freedom Holding Operations,Алматы,Опыт 3-6 лет,https://hh.ru/vacancy/135358973?query=Data+Scientist,Data Scientist,3,135358973
Тимлид Data Science/ML,ООО ИК СИБИНТЕК,Москва,Опыт более 6 лет,https://hh.ru/vacancy/136028254?query=Data+Scientist,Data Scientist,3,136028254
Ведущий специалист в Управление Data Science,"Евразийский банк, АО",Алматы,Опыт 3-6 лет,https://hh.ru/vacancy/136071366?query=Data+Scientist,Data Scientist,3,136071366
Senior CV Data Scientist (SberAI),Сбер. Data Science,Москва,Опыт 3-6 лет,https://hh.ru/vacancy/135558410?query=Data+Scientist,Data Scientist,3,135558410
Data Scientist (Computer Vision),Северсталь. IT & Digital,Москва,Опыт 1-3 года,https://hh.ru/vacancy/135512238?query=Data+Scientist,Data Scientist,3,135512238
Data Scientist,Группа НЛМК ИТ и Диджитал,Москва,Опыт 3-6 лет,https://hh.ru/vacancy/134955537?query=Data+Scientist,Data Scientist,3,134955537
Data Engineer,АО Home Credit Bank (ДБ АО «ForteBank»),Алматы,Опыт 3-6 лет,https://hh.ru/vacancy/134480473?query=Data+Scientist,Data Scientist,3,134480473
Middle data scientist (модели ценообразования),Альфа-Банк. Центральный офис,Москва,Опыт 1-3 года,https://hh.ru/vacancy/135359356?query=Data+Scientist,Data Scientist,3,135359356
Team Lead Data Scientist,ООО РСХБ-Интех,Москва,Опыт 3-6 лет,https://hh.ru/vacancy/136017208?query=Data+Scientist,Data Scientist,4,136017208
AI Solutions Architect (LLM),YADRO,Москва,Опыт более 6 лет,https://hh.ru/vacancy/134901204?query=Data+Scientist,Data Scientist,4,134901204
Lead Data Scientist в команду CRM моделирования розничного бизнеса,"Банк ВТБ (ПАО), Подразделения Поддержки и Контроля",Москва,Опыт более 6 лет,https://hh.ru/vacancy/135487203?query=Data+Scientist,Data Scientist,4,135487203
Data Scientist/Специалист по анализу данных,Aston,Москва,Опыт 3-6 лет,https://hh.ru/vacancy/135356152?query=Data+Scientist,Data Scientist,4,135356152
Technical Product Manager (AI/ML),ОАО Сбер Банк,Минск,Опыт 3-6 лет,https://rabota.by/vacancy/135975519?query=Data+Scientist&hhtmFrom=vacancy_search_list,Data Scientist,4,135975519
Data Scientist (NLP / LLM) в команду СберБизнес,Сбер. Data Science,Москва,Опыт 1-3 года,https://hh.ru/vacancy/135878337?query=Data+Scientist,Data Scientist,4,135878337
Data Scientist (AmazMe),Сбер. Data Science,Нижний Новгород,Опыт 1-3 года,https://hh.ru/vacancy/135697873?query=Data+Scientist,Data Scientist,4,135697873
Data Scientist (Рекомендательные системы),Вкусно — и точка,"Москва, р-н Замоскворечье",Опыт 3-6 лет,https://hh.ru/vacancy/135900447?query=Data+Scientist,Data Scientist,4,135900447
"Data Scientist/ ML Engineer, проект CVM",X5 Tech,Москва,Опыт 3-6 лет,https://hh.ru/vacancy/130320529?query=Data+Scientist,Data Scientist,4,130320529
MLOps Engineer,АКБ Агробанк,"Ташкент, улица Батыра Закирова, 2А",Опыт 1-3 года,https://hh.ru/vacancy/135652664?query=Data+Scientist,Data Scientist,4,135652664
Data Scientist (Аудиоаналитика),ООО Робот Мия,"Новосибирск, р-н Советский",Опыт 3-6 лет,https://hh.ru/vacancy/133446411?query=Data+Scientist,Data Scientist,4,133446411
Senior Data Scientist (Центр цифровых решений),Сбер. Data Science,Москва,Опыт 3-6 лет,https://hh.ru/vacancy/135436490?query=Data+Scientist,Data Scientist,4,135436490
Data Scientist (проверка разработки / валидации скоринговых моделей в рамках внутреннего аудита),Т-Банк. Бизнес и процессы. Compliance,Москва,Опыт 3-6 лет,https://hh.ru/vacancy/135414726?query=Data+Scientist,Data Scientist,4,135414726
Data Scientist (платформа ограничений Antifraud),Альфа-Банк. Центральный офис,Москва,Опыт 3-6 лет,https://hh.ru/vacancy/135371795?query=Data+Scientist,Data Scientist,4,135371795
AI Tech Lead (LLM),YADRO,Москва,Опыт более 6 лет,https://hh.ru/vacancy/132157189?query=Data+Scientist,Data Scientist,4,132157189
Senior/Lead Data Scientist (блок Финансы),Сбер. Data Science,Москва,Опыт более 6 лет,https://hh.ru/vacancy/135937493?query=Data+Scientist,Data Scientist,4,135937493
Senior Data Scientist (AI Safety),Сбер. Data Science,Москва,Опыт более 6 лет,https://hh.ru/vacancy/136158170?query=Data+Scientist,Data Scientist,4,136158170
Senior Bioinformatics Scientist in NGS (to Yerevan),BostonGene Technologies,"Ереван, улица Грачья Кочара, 2А",Опыт 3-6 лет,https://hh.ru/vacancy/136164726?query=Data+Scientist,Data Scientist,4,136164726
Data Scientist CVM,AVO.UZ,"Ташкент, улица Нукус, 29А",Опыт более 6 лет,https://hh.ru/vacancy/135688130?query=Data+Scientist,Data Scientist,4,135688130
Senior Data Scientist (R&D NLP),Сбер. Data Science,Москва,Опыт более 6 лет,https://hh.ru/vacancy/135997128?query=Data+Scientist,Data Scientist,4,135997128
Lead Machine Learning Engineer/Data Scientist (Lead ML/DS),Team.Inno / Фабрика инноваций и решений,Минск,Опыт 3-6 лет,https://rabota.by/vacancy/135462055?query=Data+Scientist&hhtmFrom=vacancy_search_list,Data Scientist,5,135462055
Senior Data Scientist в Товарные рекомендации,RWB (Wildberries & Russ),Москва,Опыт 3-6 лет,https://hh.ru/vacancy/123528201?query=Data+Scientist,Data Scientist,5,123528201
Lead Data Scientist/Руководитель направления (NLP),Ингосстрах,Москва,Опыт 3-6 лет,https://hh.ru/vacancy/134677526?query=Data+Scientist,Data Scientist,5,134677526
Data Scientist в команду LLM Train,ООО HeadHunter::Analytics/Data Science,Москва,Опыт 3-6 лет,https://hh.ru/vacancy/132896101?query=Data+Scientist,Data Scientist,5,132896101
Senior CAD Specialist (SolidWorks or NX),"STORYGOLD AI, INC",Сан-Франциско,Опыт более 6 лет,https://hh.ru/vacancy/135810310?query=Data+Scientist,Data Scientist,5,135810310
Scientific Researcher (Pharmaceutical & Biopharmaceutical R&D),ГУ MILLIY BIOFARMATSEVTIKA ILMIY-TADQIQOT INSTITUTI,"Зангиатинский район, махаллинский сход граждан Багзар, Bog'zor ko'chasi, 1",Опыт 3-6 лет,https://hh.ru/vacancy/136060553?query=Data+Scientist,Data Scientist,5,136060553
Project Manager (business planning systems),ТОО Планинго Центральная Азия,Алматы,Опыт 3-6 лет,https://hh.ru/vacancy/135928967?query=Data+Scientist,Data Scientist,5,135928967
Трафик-менеджер,ООО Сократика,Москва,Опыт 1-3 года,https://hh.ru/vacancy/136054113?query=Data+Scientist,Data Scientist,5,136054113
Senior ML Engineer,ТРТ,Тбилиси,Опыт более 6 лет,https://hh.ru/vacancy/135482843?query=Data+Scientist,Data Scientist,5,135482843
Руководитель моделирования и анализа данных (Lead data scientist),Интерлизинг,Москва,Опыт 3-6 лет,https://hh.ru/vacancy/135900008?query=Data+Scientist,Data Scientist,5,135900008
"Ведущий Data Scientist, Возвраты ML",Ozon Tech,Москва,Опыт более 6 лет,https://hh.ru/vacancy/135478079?query=Data+Scientist,Data Scientist,5,135478079
AI инженер,S7 Group,Москва,Опыт 1-3 года,https://hh.ru/vacancy/136342152?query=ML+Engineer,ML Engineer,0,136342152
AI-Engineer,ТОО Armeta KZ,"Астана, улица Сыганак, 60/2",Опыт 1-3 года,https://hh.ru/vacancy/136340212?query=ML+Engineer,ML Engineer,0,136340212
QA Engineer / Тестировщик программного обеспечения,ООО Смарт Апп Технолоджи лимитед,Минск,Опыт 1-3 года,https://rabota.by/vacancy/136310598?query=ML+Engineer&hhtmFrom=vacancy_search_list,ML Engineer,0,136310598
Middle QA Engineer,Phygital+,Москва,Опыт 1-3 года,https://hh.ru/vacancy/136276919?query=ML+Engineer,ML Engineer,0,136276919
QA Engineer (Middle),ООО Коллектив Интеллидженс Системс,Москва,Опыт 3-6 лет,https://hh.ru/vacancy/136179339?query=ML+Engineer,ML Engineer,0,136179339
Junior Devops Engineer,ООО Аналитические программные решения,Москва,Опыт 1-3 года,https://hh.ru/vacancy/136310768?query=ML+Engineer,ML Engineer,0,136310768
Backend Developer / Python Backend Engineer,ИП Першина Маргарита Юрьевна,Москва,Опыт 1-3 года,https://hh.ru/vacancy/136125202?query=ML+Engineer,ML Engineer,0,136125202
Deputy CTO (США),AIcelerate,Москва,Опыт более 6 лет,https://hh.ru/vacancy/136267320?query=ML+Engineer,ML Engineer,0,136267320
ML-инженер,ЕМЕ,"Москва, р-н Сокольники",Опыт 1-3 года,https://hh.ru/vacancy/136266033?query=ML+Engineer,ML Engineer,0,136266033
Начинающий Python-разработчик,SL Soft,Москва,Без опыта,https://hh.ru/vacancy/135419676?query=ML+Engineer,ML Engineer,0,135419676
Системный аналитик,АО Просвещение,Москва,Опыт 3-6 лет,https://hh.ru/vacancy/136292099?query=ML+Engineer,ML Engineer,0,136292099
ML инженер,USETECH,Москва,Опыт 3-6 лет,https://hh.ru/vacancy/136344011?query=ML+Engineer,ML Engineer,0,136344011
Senior AI/ML Engineer (LLM / GenAI / NLP),ООО SpbDev,Москва,Опыт 3-6 лет,https://hh.ru/vacancy/135994313?query=ML+Engineer,ML Engineer,0,135994313
Junior Data Engineer (Python / Airflow),SWiP,Москва,Опыт 1-3 года,https://hh.ru/vacancy/135679351?query=ML+Engineer,ML Engineer,0,135679351
ML/NLP Engineer,ООО Аналитические программные решения,Москва,Опыт 1-3 года,https://hh.ru/vacancy/136266371?query=ML+Engineer,ML Engineer,0,136266371
Junior ML-инженер (офис),ООО Займиго МКК,"Москва, р-н Тверской",Без опыта,https://hh.ru/vacancy/136157184?query=ML+Engineer,ML Engineer,0,136157184
Программист по компьютерному зрению (CV / ML Engineer),ООО Битроботикс,Москва,Опыт 1-3 года,https://hh.ru/vacancy/136299555?query=ML+Engineer,ML Engineer,0,136299555
ИИ специалист,Дверянин,"Набережные Челны, БАЗА ЗАО ,,ПОДРЯД,,, 1",Опыт 1-3 года,https://hh.ru/vacancy/136266273?query=ML+Engineer,ML Engineer,0,136266273
Специалист по разметке данных,Riverstart (ООО Риверстарт),Нижний Новгород,Без опыта,https://hh.ru/vacancy/136228510?query=ML+Engineer,ML Engineer,0,136228510
ML-инженер,ООО ТОП КЕЙС,Москва,Опыт 3-6 лет,https://hh.ru/vacancy/136122239?query=ML+Engineer,ML Engineer,0,136122239
Лидер AI-трансформации IT,ИП Волчанская Анна Александровна,Москва,Опыт 3-6 лет,https://hh.ru/vacancy/136230316?query=ML+Engineer,ML Engineer,1,136230316
Lead AI/LLM Engineer (Руководитель направления AI),ООО Софт Бизнес Системы,Москва,Опыт 3-6 лет,https://hh.ru/vacancy/136244658?query=ML+Engineer,ML Engineer,1,136244658
Архитектор (Python),РТЛабс,Москва,Опыт более 6 лет,https://hh.ru/vacancy/136297464?query=ML+Engineer,ML Engineer,1,136297464
Ручной тестировщик/Manual QA,Дром,Владивосток,Опыт 1-3 года,https://hh.ru/vacancy/135001730?query=ML+Engineer,ML Engineer,1,135001730
ML Infrastructure Engineer (C++ / HFT),ScoutX,Москва,Опыт 3-6 лет,https://hh.ru/vacancy/136262507?query=ML+Engineer,ML Engineer,1,136262507
Data Engineer,Koronatech,Санкт-Петербург,Опыт 3-6 лет,https://hh.ru/vacancy/135392614?query=ML+Engineer,ML Engineer,1,135392614
Менеджер продуктов (AI),ПИК-специализированный застройщик. ПИК,"Москва, р-н Пресненский",Опыт 3-6 лет,https://hh.ru/vacancy/136188257?query=ML+Engineer,ML Engineer,1,136188257
AI Engineer,АО Цифровой семейный офис,Москва,Опыт 1-3 года,https://hh.ru/vacancy/136031525?query=ML+Engineer,ML Engineer,1,136031525
AI / LLM Inference Engineer,Ключевые ИТ Решения,Москва,Опыт более 6 лет,https://hh.ru/vacancy/135996033?query=ML+Engineer,ML Engineer,1,135996033
ML-инженер,ООО Тагес Джамп,Москва,Опыт 1-3 года,https://hh.ru/vacancy/136063607?query=ML+Engineer,ML Engineer,1,136063607
ML-разработчик,ООО Цифровая Эпоха,Санкт-Петербург,Опыт 3-6 лет,https://hh.ru/vacancy/136271241?query=ML+Engineer,ML Engineer,1,136271241
Team Lead Backend,ООО Финансовое Объединение Ра,Москва,Опыт 3-6 лет,https://hh.ru/vacancy/136361328?query=ML+Engineer,ML Engineer,1,136361328
Product Manager / Product Owner (AI Products),KEDOO Entertainment,городской округ Красногорск,Опыт 3-6 лет,https://hh.ru/vacancy/136083797?query=ML+Engineer,ML Engineer,1,136083797
Chief Technology Officer/СТО,ООО ТРАНОМИКА,Москва,Опыт более 6 лет,https://hh.ru/vacancy/136366195?query=ML+Engineer,ML Engineer,1,136366195
ML-инженер,ТОО Networks Energy,"Астана, проспект Рахимжана Кошкарбаева, 1/4",Опыт 3-6 лет,https://hh.ru/vacancy/136294347?query=ML+Engineer,ML Engineer,1,136294347
ML-инженер,Meteoro Platform,Астана,Опыт 3-6 лет,https://hh.ru/vacancy/136252218?query=ML+Engineer,ML Engineer,1,136252218
AI Engineer / Data Scientist,ТОО Mladex (Mladex Pharm Consulting Group),Алматы,Опыт 1-3 года,https://hh.ru/vacancy/136081562?query=ML+Engineer,ML Engineer,1,136081562
Computer Vision Engineer,Классный кандидат! (ООО Эйчар Аналитика),Ташкент,Опыт 3-6 лет,https://hh.ru/vacancy/136202841?query=ML+Engineer,ML Engineer,1,136202841
Senior QA Engineer (Manual + Automation) / QA Lead,ООО Рубиру,"Калининград, р-н Ленинградский",Опыт более 6 лет,https://hh.ru/vacancy/136329408?query=ML+Engineer,ML Engineer,1,136329408
AI Tooling Engineer / Senior python developer,Positive Technologies,Москва,Опыт более 6 лет,https://hh.ru/vacancy/135661875?query=ML+Engineer,ML Engineer,1,135661875
ML Engineer (AI Agents / Python),Сбер. Data Science,Санкт-Петербург,Без опыта,https://hh.ru/vacancy/136342762?query=ML+Engineer,ML Engineer,2,136342762
ML-инженер,Дром,Новосибирск,Опыт 3-6 лет,https://hh.ru/vacancy/135456216?query=ML+Engineer,ML Engineer,2,135456216
Yetakchi mutaxassis (Data Engineer),Xalq Banki,"Ташкент, Чиланзарский район, проспект Бунёдкор, 7Б к3",Без опыта,https://hh.ru/vacancy/135930268?query=ML+Engineer,ML Engineer,2,135930268
AI Python Engineer,CRT,Санкт-Петербург,Опыт 3-6 лет,https://hh.ru/vacancy/135838069?query=ML+Engineer,ML Engineer,2,135838069
AI Engineer,АО Astana International Financial Centre Authority,"Астана, проспект Мангилик Ел, 55/18",Опыт 1-3 года,https://hh.ru/vacancy/135908702?query=ML+Engineer,ML Engineer,2,135908702
Data Scientist (junior),Сбер. Data Science,Нижний Новгород,Без опыта,https://hh.ru/vacancy/135364012?query=ML+Engineer,ML Engineer,2,135364012
Junior MLE (стажер),Сбер. IT,Москва,Без опыта,https://hh.ru/vacancy/135704690?query=ML+Engineer,ML Engineer,2,135704690
ML-инженер,АО Серпуховский завод Металлист,"Серпухов, Луначарского улица, 32",Опыт 3-6 лет,https://hh.ru/vacancy/136287961?query=ML+Engineer,ML Engineer,2,136287961
Team Lead LLM engineer GenAI,Сбер. IT,Москва,Опыт более 6 лет,https://hh.ru/vacancy/136306039?query=ML+Engineer,ML Engineer,2,136306039
Тестировщик Naimus.Ai,ООО АЙФЭЛЛ,Москва,Опыт 3-6 лет,https://hh.ru/vacancy/135436749?query=ML+Engineer,ML Engineer,2,135436749
Robotics Software Engineer (Роботизация дарксторов),ВкусВилл. Даркстор,Москва,Опыт 1-3 года,https://hh.ru/vacancy/136229398?query=ML+Engineer,ML Engineer,2,136229398
ML-инженер,ООО ТулаСофт,Великий Новгород,Опыт более 6 лет,https://hh.ru/vacancy/135649155?query=ML+Engineer,ML Engineer,2,135649155
Prompt Engineer,Digital Chief,Москва,Опыт 3-6 лет,https://hh.ru/vacancy/136309940?query=ML+Engineer,ML Engineer,2,136309940
Deep Learning Engineer,Самарский национальный исследовательский университет имени академика С.П.Королева,"Самара, р-н Ленинский",Опыт 3-6 лет,https://hh.ru/vacancy/136087997?query=ML+Engineer,ML Engineer,2,136087997
Инженер по ИИ/AI Agent Engineer (LLM & Agentic Systems),Градиент,Москва,Опыт 1-3 года,https://hh.ru/vacancy/135993629?query=ML+Engineer,ML Engineer,2,135993629
ML-инженер,АО Центр Биометрических Технологий,Москва,Опыт 1-3 года,https://hh.ru/vacancy/136368830?query=ML+Engineer,ML Engineer,2,136368830
Программист / CV Engineer,АО Смарткор,Москва,Опыт 3-6 лет,https://hh.ru/vacancy/136093163?query=ML+Engineer,ML Engineer,2,136093163
ML Инженер,ООО Платежное Решение,Москва,Опыт 1-3 года,https://hh.ru/vacancy/135981347?query=ML+Engineer,ML Engineer,2,135981347
ML-инженер в финтех,Secunda,Санкт-Петербург,Опыт 3-6 лет,https://hh.ru/vacancy/135981899?query=ML+Engineer,ML Engineer,2,135981899
AI/ML-инженер,"Максимум, Автомобильный холдинг",Санкт-Петербург,Опыт 1-3 года,https://hh.ru/vacancy/135721610?query=ML+Engineer,ML Engineer,2,135721610
AI Infrastructure Engineer,ООО БиАйЭй-Технолоджиз,Санкт-Петербург,Опыт более 6 лет,https://hh.ru/vacancy/136078601?query=ML+Engineer,ML Engineer,3,136078601
Data Platform Engineer,Иви,Москва,Опыт 3-6 лет,https://hh.ru/vacancy/136174296?query=ML+Engineer,ML Engineer,3,136174296
"Старший Data Scientist, Возвраты ML",Ozon Tech,Москва,Опыт более 6 лет,https://hh.ru/vacancy/136222175?query=ML+Engineer,ML Engineer,3,136222175
Разработчик компьютерного зрения/Сomputer vision research engineer (г. Уфа),АО Уфанет,"Уфа, р-н Советский",Опыт 1-3 года,https://hh.ru/vacancy/135500790?query=ML+Engineer,ML Engineer,3,135500790
Middle Data Engineer (Москва),ООО ИЦ АЙ-ТЕКО,Москва,Опыт 3-6 лет,https://hh.ru/vacancy/136103046?query=ML+Engineer,ML Engineer,3,136103046
Разработчик AI/ Разработчик LLM,"МАГНИТ, Розничная сеть. IT","Москва, р-н Беговой",Опыт 3-6 лет,https://hh.ru/vacancy/136147564?query=ML+Engineer,ML Engineer,3,136147564
ML Engineer (recommendations),ООО Звук,Москва,Опыт 1-3 года,https://hh.ru/vacancy/135543772?query=ML+Engineer,ML Engineer,3,135543772
Руководитель Data Science направления,Rostic’s IT,Москва,Опыт более 6 лет,https://hh.ru/vacancy/135915734?query=ML+Engineer,ML Engineer,3,135915734
ML-инженер (LLM) — платформа Cortex24,ООО ПК Марка,Москва,Опыт 3-6 лет,https://hh.ru/vacancy/135827393?query=ML+Engineer,ML Engineer,3,135827393
AI-Engineer,РТЛабс,Москва,Опыт 3-6 лет,https://hh.ru/vacancy/134784177?query=ML+Engineer,ML Engineer,3,134784177
Computer Vision engineer,Koronatech,Санкт-Петербург,Опыт 1-3 года,https://hh.ru/vacancy/135975202?query=ML+Engineer,ML Engineer,3,135975202
AI Engineer (ИИ-сценарии),Сбер. IT,Москва,Опыт 3-6 лет,https://hh.ru/vacancy/136359441?query=ML+Engineer,ML Engineer,3,136359441
Senior AI/ML Engineer / LLM Engineer,Absolut POS,Москва,Опыт более 6 лет,https://hh.ru/vacancy/136094090?query=ML+Engineer,ML Engineer,3,136094090
CTO (Технический директор),Плати по миру,Москва,Опыт более 6 лет,https://hh.ru/vacancy/134400744?query=ML+Engineer,ML Engineer,3,134400744
Senior Python Backend Developer,"""МТС"", Работа в IT","Москва, р-н Басманный",Опыт более 6 лет,https://hh.ru/vacancy/135481754?query=ML+Engineer,ML Engineer,3,135481754
Middle Data Scientist (направление ML — прогнозные модели),ООО Цифровые технологии и платформы,Москва,Опыт 1-3 года,https://hh.ru/vacancy/135792445?query=ML+Engineer,ML Engineer,3,135792445
"Специалист по машинному обучению / ML-инженер (ML/LLM, AI-агенты для medtech)",Лучи,Москва,Опыт 3-6 лет,https://hh.ru/vacancy/135703039?query=ML+Engineer,ML Engineer,3,135703039
Middle GO Backend-разработчик Core team,АО Kolesa (АО Колеса),Алматы,Опыт 3-6 лет,https://hh.ru/vacancy/135847983?query=ML+Engineer,ML Engineer,3,135847983
QA auto Engineer (AI Agent Testing),АО ГК Орбита,Москва,Опыт 1-3 года,https://hh.ru/vacancy/136035116?query=ML+Engineer,ML Engineer,3,136035116
ML Quant Developer / ML Engineer,Advantage Solutions,Москва,Опыт 3-6 лет,https://hh.ru/vacancy/136088428?query=ML+Engineer,ML Engineer,3,136088428
Senior Rust Engineer,Lucky Hunter,Сербия,Опыт более 6 лет,https://hh.ru/vacancy/136142544?query=ML+Engineer,ML Engineer,4,136142544
Robotics Software Engineer,Сбер. IT,Москва,Опыт 1-3 года,https://hh.ru/vacancy/135776845?query=ML+Engineer,ML Engineer,4,135776845
Senior AQA Engineer,АО ЭДС,"Новосибирск, р-н Советский",Опыт более 6 лет,https://hh.ru/vacancy/136134342?query=ML+Engineer,ML Engineer,4,136134342
DevOps Engineer (AI / LLM / Kubernetes),Сбер. IT,Москва,Опыт более 6 лет,https://hh.ru/vacancy/136363538?query=ML+Engineer,ML Engineer,4,136363538
Разработчик системы 3D компьютерного зрения (C++),ТОО PURE SYNERGY,"Челябинск, р-н Центральный",Опыт 1-3 года,https://hh.ru/vacancy/135762515?query=ML+Engineer,ML Engineer,4,135762515
Data Scientist,АО Бюро кредитных историй Скоринг Бюро,"Москва, р-н Красносельский",Опыт 3-6 лет,https://hh.ru/vacancy/136079700?query=ML+Engineer,ML Engineer,4,136079700
DevOps engineer (Внедрение ML платформы),Сбер. IT,Москва,Опыт 3-6 лет,https://hh.ru/vacancy/136181539?query=ML+Engineer,ML Engineer,4,136181539
Middle ML developer [AI-агенты HR MWS],"""МТС"", Работа в IT","Москва, р-н Даниловский",Опыт 1-3 года,https://hh.ru/vacancy/136164440?query=ML+Engineer,ML Engineer,4,136164440
Аналитик разработчик,ТОО Halyk Finservice,"Алматы, проспект Юрия Гагарина, 133/7",Опыт 1-3 года,https://hh.ru/vacancy/135873617?query=ML+Engineer,ML Engineer,4,135873617
"Руководитель группы ML, Базовые модели и инструменты",Ozon Tech,Москва,Опыт более 6 лет,https://hh.ru/vacancy/136310122?query=ML+Engineer,ML Engineer,4,136310122
AI Engineer,ИП Баранов Денис Владимирович,Минск,Опыт 3-6 лет,https://rabota.by/vacancy/135900323?query=ML+Engineer&hhtmFrom=vacancy_search_list,ML Engineer,4,135900323
Agentic AI Engineer (Cheminformatics),Software Country (ТОО Балхаш Системс),Сербия,Опыт 3-6 лет,https://hh.ru/vacancy/135375287?query=ML+Engineer,ML Engineer,4,135375287
ML-инженер,Сбер. Data Science,Москва,Опыт 1-3 года,https://hh.ru/vacancy/136096143?query=ML+Engineer,ML Engineer,4,136096143
Data Scientist / Machine Learning Engineer,"Мобильные ТелеСистемы (МТС), Беларусь",Минск,Опыт 1-3 года,https://rabota.by/vacancy/135914097?query=ML+Engineer&hhtmFrom=vacancy_search_list,ML Engineer,4,135914097
Продуктовый аналитик (middle-senior),AllTYRES | Импорт и Продажа Автомобилей,Москва,Опыт 3-6 лет,https://hh.ru/vacancy/135491533?query=ML+Engineer,ML Engineer,4,135491533
Data Scientist / ML Engineer,Аптечная сеть Ваша №1 х Таблетка.ру,Москва,Опыт 1-3 года,https://hh.ru/vacancy/121370571?query=ML+Engineer,ML Engineer,4,121370571
Руководитель направления ИИ,ФГБУ ГМЦ РОССТАТА,Москва,Опыт более 6 лет,https://hh.ru/vacancy/135078084?query=ML+Engineer,ML Engineer,4,135078084
Lead ML Engineer / ML Tech Lead,ООО Астр,Москва,Опыт 3-6 лет,https://hh.ru/vacancy/135454636?query=ML+Engineer,ML Engineer,4,135454636
Senior ML Engineer Guitarist (Audio / Music / Guitar),FunCorp,Москва,Опыт 3-6 лет,https://hh.ru/vacancy/135831075?query=ML+Engineer,ML Engineer,4,135831075
Senior C/C++ Developer (AI / Real-Time Audio Processing),ООО Интеграция Дистрибуция Проекты,"Минск, проспект Победителей, 7А",Опыт более 6 лет,https://rabota.by/vacancy/134663989?query=ML+Engineer&hhtmFrom=vacancy_search_list,ML Engineer,4,134663989
Менеджер продукта\Product Owner,Finstar Financial Group,Москва,Опыт более 6 лет,https://hh.ru/vacancy/135163002?query=ML+Engineer,ML Engineer,5,135163002
Технический директор (CTO)\Руководитель отдела разработки,WOWBLOGGER,Санкт-Петербург,Опыт 3-6 лет,https://hh.ru/vacancy/136014856?query=ML+Engineer,ML Engineer,5,136014856
AI-инженер .NET (AI / Product Engineer),РУСАЛ,Москва,Опыт 3-6 лет,https://hh.ru/vacancy/135485045?query=ML+Engineer,ML Engineer,5,135485045
"Инженер-алгоритмист / Robotics Software Engineer (C++, Perception, LiDAR SLAM)",АО НИИАС,Санкт-Петербург,Опыт 1-3 года,https://hh.ru/vacancy/134707660?query=ML+Engineer,ML Engineer,5,134707660
Senior Data Engineer,Сбер. IT,Москва,Опыт 3-6 лет,https://hh.ru/vacancy/135973254?query=ML+Engineer,ML Engineer,5,135973254
ML-инженер,Т-Банк. ИТ. Разработка,"Красноярск, р-н Центральный",Опыт 3-6 лет,https://hh.ru/vacancy/135531640?query=ML+Engineer,ML Engineer,5,135531640
Руководитель направления по аналитике данных (Внедрение GenAI решений),Сбер. IT,Москва,Опыт 3-6 лет,https://hh.ru/vacancy/136322690?query=ML+Engineer,ML Engineer,5,136322690
ML Engineer (NLP & Backend),Сбер. Data Science,Москва,Опыт 3-6 лет,https://hh.ru/vacancy/136187973?query=ML+Engineer,ML Engineer,5,136187973
Senior AI engineer,ОТП Банк. IT,Москва,Опыт 3-6 лет,https://hh.ru/vacancy/132719601?query=ML+Engineer,ML Engineer,5,132719601
Data Scientist в команду Disrupt,Сбер. IT,Москва,Опыт 3-6 лет,https://hh.ru/vacancy/136254680?query=ML+Engineer,ML Engineer,5,136254680
Senior Automation QA Engineer (Python)/ Инженер по тестированию,"""МТС"", Работа в IT",Москва,Опыт 3-6 лет,https://hh.ru/vacancy/135444122?query=ML+Engineer,ML Engineer,5,135444122
Senior ML-инженер (LLM / AI-агенты),Сбер. IT,Москва,Опыт 3-6 лет,https://hh.ru/vacancy/136330092?query=ML+Engineer,ML Engineer,5,136330092
Архитектор AI,ООО ИК СИБИНТЕК,Москва,Опыт более 6 лет,https://hh.ru/vacancy/135968850?query=ML+Engineer,ML Engineer,5,135968850
Методист образовательных программ по ИИ для детей (7–16 лет),ИП Иванова Екатерина Сергеевна,Нижний Новгород,Опыт 3-6 лет,https://hh.ru/vacancy/135801086?query=ML+Engineer,ML Engineer,5,135801086
Data Platform Engineer (Analytics Infrastructure),ООО ЧУБАККА,Москва,Опыт 3-6 лет,https://hh.ru/vacancy/135770829?query=ML+Engineer,ML Engineer,5,135770829
Robot Tester / Benchmark Engineer,Сбер для экспертов,Москва,Опыт 3-6 лет,https://hh.ru/vacancy/135745984?query=ML+Engineer,ML Engineer,5,135745984
Системный аналитик Отдела развития цифровых каналов и внедрения денежных переводов,БАНК МБА-МОСКВА,Москва,Опыт 1-3 года,https://hh.ru/vacancy/135976584?query=ML+Engineer,ML Engineer,5,135976584
MLOps Engineer / AI Infrastructure Engineer,АО Нурбанк,Алматы,Опыт 3-6 лет,https://hh.ru/vacancy/135990883?query=ML+Engineer,ML Engineer,5,135990883
ML Engineer / Python Developer,Сбер. IT,Москва,Опыт 3-6 лет,https://hh.ru/vacancy/136270892?query=ML+Engineer,ML Engineer,5,136270892
Computer Vision Engineer,АО Инновационные технологии,Москва,Опыт 3-6 лет,https://hh.ru/vacancy/135051018?query=ML+Engineer,ML Engineer,5,135051018
Data-инженер,Сбер. IT,Москва,Опыт 3-6 лет,https://hh.ru/vacancy/135781664?query=ML+Engineer,ML Engineer,6,135781664
AI/ML Solutions Engineer,Лаборатория Касперского,Москва,Опыт 3-6 лет,https://hh.ru/vacancy/135601451?query=ML+Engineer,ML Engineer,6,135601451
Middle Data Scientist (SafeHub),Сбер. IT,Москва,Опыт 3-6 лет,https://hh.ru/vacancy/136198682?query=ML+Engineer,ML Engineer,6,136198682
MLOps/DevOps Specialist,АО Home Credit Bank (ДБ АО «ForteBank»),"Алматы, улица Зеина Шашкина, 1/1",Опыт 1-3 года,https://hh.ru/vacancy/134119133?query=ML+Engineer,ML Engineer,6,134119133
ML -инженер (CV),ООО КИТТ,Москва,Опыт 3-6 лет,https://hh.ru/vacancy/135928560?query=ML+Engineer,ML Engineer,6,135928560
Data Scientist / ML Engineer - Game AI в команду Disrupt,Сбер. IT,Москва,Опыт 3-6 лет,https://hh.ru/vacancy/136297970?query=ML+Engineer,ML Engineer,6,136297970
ML engineer (invest tech),АО ВИМ Инвестиции,"Москва, р-н Пресненский",Опыт 3-6 лет,https://hh.ru/vacancy/135597984?query=ML+Engineer,ML Engineer,6,135597984
Product Owner (Кредит наличными),ОТП Банк. Бизнес,Москва,Опыт 3-6 лет,https://hh.ru/vacancy/135760639?query=ML+Engineer,ML Engineer,6,135760639
MLSecOps/Security MLOps,СБЕРКОРУС,Москва,Опыт 1-3 года,https://hh.ru/vacancy/135635687?query=ML+Engineer,ML Engineer,6,135635687
Менеджер направления AI,Пивоварни Бочкарев,"Москва, р-н Хорошёвский",Опыт более 6 лет,https://hh.ru/vacancy/135882603?query=ML+Engineer,ML Engineer,6,135882603
Data Scientist (NLP / Prompt Engineering),Сбер. IT,Москва,Опыт 1-3 года,https://hh.ru/vacancy/136145096?query=ML+Engineer,ML Engineer,6,136145096
Senior Системный аналитик,Сбер. IT,Москва,Опыт 3-6 лет,https://hh.ru/vacancy/136133430?query=ML+Engineer,ML Engineer,6,136133430
Senior devops инженер,Сбер. IT,Москва,Опыт более 6 лет,https://hh.ru/vacancy/135810181?query=ML+Engineer,ML Engineer,6,135810181
Руководитель группы по сбору данных - Data Engineer,Интерлизинг,Москва,Опыт 3-6 лет,https://hh.ru/vacancy/135488366?query=ML+Engineer,ML Engineer,6,135488366
Руководитель проектов по внедрению ИИ-агентов в процессы Сбера,Сбер. Экспертам и руководителям,Москва,Опыт 3-6 лет,https://hh.ru/vacancy/134066443?query=ML+Engineer,ML Engineer,6,134066443
Quant / Trade platform engineer,ИП Медведев Фёдор Яковлевич,Минск,Опыт 1-3 года,https://rabota.by/vacancy/135563248?query=ML+Engineer&hhtmFrom=vacancy_search_list,ML Engineer,6,135563248
ML Engineer (Middle+/Senior),getmatch,Москва,Опыт 3-6 лет,https://hh.ru/vacancy/135442049?query=ML+Engineer,ML Engineer,6,135442049
Python/AI Engineer (GenAI),Сбер. IT,Москва,Опыт более 6 лет,https://hh.ru/vacancy/135646194?query=ML+Engineer,ML Engineer,6,135646194
Technical Product Owner,Сбер. IT,Москва,Опыт 3-6 лет,https://hh.ru/vacancy/135720998?query=ML+Engineer,ML Engineer,6,135720998
AI application security engineer,Контур,"Екатеринбург, р-н Академический",Опыт 1-3 года,https://hh.ru/vacancy/136160341?query=ML+Engineer,ML Engineer,6,136160341
Head of Engineering DSP-Разработка,Future Focus,Москва,Опыт 3-6 лет,https://hh.ru/vacancy/135728677?query=ML+Engineer,ML Engineer,7,135728677
ML Engineer,ЗАО Водород,Минск,Опыт 3-6 лет,https://rabota.by/vacancy/135902889?query=ML+Engineer&hhtmFrom=vacancy_search_list,ML Engineer,7,135902889
Computer Vision / ML engineer,ООО Марс,Москва,Опыт 3-6 лет,https://hh.ru/vacancy/136034160?query=ML+Engineer,ML Engineer,7,136034160
"Python/SQL-разработчик (Data Engineer: Airflow, Kafka, Greenplum)",HRStream,Алматы,Опыт 3-6 лет,https://hh.ru/vacancy/135746040?query=ML+Engineer,ML Engineer,7,135746040
Data engineer (Middle) ГПХ,АО Банк ЦентрКредит,"Алматы, проспект Аль-Фараби, 38",Опыт 1-3 года,https://hh.ru/vacancy/135926305?query=ML+Engineer,ML Engineer,7,135926305
ML Engineer (TTS / Speech),АКБ Агробанк,"Ташкент, улица Батыра Закирова, 2А",Опыт 1-3 года,https://hh.ru/vacancy/135652412?query=ML+Engineer,ML Engineer,7,135652412
Senior Software Engineer (GigaChat),Сбер. IT,Москва,Опыт 3-6 лет,https://hh.ru/vacancy/136178317?query=ML+Engineer,ML Engineer,7,136178317
"Senior Machine Learning Engineer (on-site, no remote, Astana)",MDietHealth Corp,"Астана, улица Динмухамеда Кунаева, 12/1",Опыт 3-6 лет,https://hh.ru/vacancy/135527985?query=ML+Engineer,ML Engineer,7,135527985
Product manager,ИП Сизинцев Роман Александрович,Санкт-Петербург,Опыт 3-6 лет,https://hh.ru/vacancy/135396521?query=ML+Engineer,ML Engineer,7,135396521
Инженер по прототипированию ПО (AI / R&D Engineer),IBS,"Москва, р-н Пресненский",Опыт более 6 лет,https://hh.ru/vacancy/135632177?query=ML+Engineer,ML Engineer,7,135632177
"ML Engineer (RL, DL) (в Бильбао, Испания)",Artificial Seed,"провинция Бискайя, Басаури, Бильбао",Опыт 1-3 года,https://hh.ru/vacancy/135546768?query=ML+Engineer,ML Engineer,7,135546768
AI Engineer,Сбер. Data Science,Москва,Опыт 3-6 лет,https://hh.ru/vacancy/135900665?query=ML+Engineer,ML Engineer,7,135900665
Senior AI Agent Engineer,PravoTech,Москва,Опыт 3-6 лет,https://hh.ru/vacancy/135852978?query=ML+Engineer,ML Engineer,7,135852978
LLM/ML инженер на core агента (ДКА),Сбер. IT,Москва,Опыт 3-6 лет,https://hh.ru/vacancy/135443544?query=ML+Engineer,ML Engineer,7,135443544
Senior Data Scientist. Forecasting (SberAI),Сбер. Data Science,Москва,Опыт 3-6 лет,https://hh.ru/vacancy/136181134?query=ML+Engineer,ML Engineer,7,136181134
ML Engineer (Cardio Algorithms),ООО СалютДевайсы,Москва,Опыт 3-6 лет,https://hh.ru/vacancy/135074604?query=ML+Engineer,ML Engineer,7,135074604
Tech Lead Java (Продуктовая фабрика),Сбер. IT,Москва,Опыт более 6 лет,https://hh.ru/vacancy/135469505?query=ML+Engineer,ML Engineer,7,135469505
Senior аналитик данных,Сбер. IT,Москва,Опыт 3-6 лет,https://hh.ru/vacancy/135723442?query=ML+Engineer,ML Engineer,7,135723442
ML-инженер в команду эффективного рантайма и инференса,Т-Банк. ИТ. Разработка,Москва,Опыт 3-6 лет,https://hh.ru/vacancy/128981566?query=ML+Engineer,ML Engineer,7,128981566
AI Engineer / LLM Engineer,Andersen,Минск,Опыт 3-6 лет,https://rabota.by/vacancy/135504338?query=ML+Engineer&hhtmFrom=vacancy_search_list,ML Engineer,7,135504338
AI Data Team Lead,АО Home Credit Bank (ДБ АО «ForteBank»),Алматы,Опыт 3-6 лет,https://hh.ru/vacancy/136236909?query=ML+Engineer,ML Engineer,8,136236909
Senior AI/ML Developer (г. Новосибирск),ООО СофтМолл,Новосибирск,Опыт 3-6 лет,https://hh.ru/vacancy/130687729?query=ML+Engineer,ML Engineer,8,130687729
Senior MLE (Adaptation&Integration) в Kandinsky,Сбер. IT,Москва,Опыт более 6 лет,https://hh.ru/vacancy/136231911?query=ML+Engineer,ML Engineer,8,136231911
AI Engineer / LLM Engineer,Andersen,Минск,Опыт 3-6 лет,https://rabota.by/vacancy/135504339?query=ML+Engineer&hhtmFrom=vacancy_search_list,ML Engineer,8,135504339
Chief Data Scientist,Сбер. IT,Москва,Опыт более 6 лет,https://hh.ru/vacancy/135372357?query=ML+Engineer,ML Engineer,8,135372357
Java Tech Lead (Команда GigaCode),Сбер. IT,Москва,Опыт 3-6 лет,https://hh.ru/vacancy/135661461?query=ML+Engineer,ML Engineer,8,135661461
Senior/TeamLead Разработчик симуляции (Unreal Engine),ИП Мамаева Ирина Анатольевна,Москва,Опыт 3-6 лет,https://hh.ru/vacancy/135744402?query=ML+Engineer,ML Engineer,8,135744402
Tech lead (Центр робототехники),Сбер для экспертов,Москва,Опыт более 6 лет,https://hh.ru/vacancy/135478213?query=ML+Engineer,ML Engineer,8,135478213
Site Reliability Engineer — SRE,Т-Банк. ИТ. Инфраструктура,"Челябинск, р-н Центральный",Опыт 1-3 года,https://hh.ru/vacancy/135749832?query=ML+Engineer,ML Engineer,8,135749832
Руководитель отдела клиентской аналитики,S8 Capital,Москва,Опыт 3-6 лет,https://hh.ru/vacancy/136029260?query=ML+Engineer,ML Engineer,8,136029260
Senior Data Scientist (команда оптимизации расходов),Сбер. Data Science,Москва,Опыт 3-6 лет,https://hh.ru/vacancy/136160970?query=ML+Engineer,ML Engineer,8,136160970
Senior Data Scientist (Торговое финансирование),Сбер. IT,Москва,Опыт 3-6 лет,https://hh.ru/vacancy/136078310?query=ML+Engineer,ML Engineer,8,136078310
ML-инженер,Сбер. IT,Нижний Новгород,Опыт 1-3 года,https://hh.ru/vacancy/135981194?query=ML+Engineer,ML Engineer,8,135981194
Senior Scoring Developer,ООО Займиго МКК,Нижний Новгород,Опыт 3-6 лет,https://hh.ru/vacancy/129144602?query=ML+Engineer,ML Engineer,8,129144602
NLP engineer (Направление клиентского сервиса),RWB (Wildberries & Russ),Москва,Опыт 3-6 лет,https://hh.ru/vacancy/136083629?query=ML+Engineer,ML Engineer,8,136083629
Site Reliability Engineer (SRE),Т-Банк. ИТ. Инфраструктура,"Саратов, р-н Волжский",Опыт 3-6 лет,https://hh.ru/vacancy/131586580?query=ML+Engineer,ML Engineer,8,131586580
Lead AI Engineer (команда Конструктор Комплексных Решений),Сбер. Data Science,Москва,Опыт более 6 лет,https://hh.ru/vacancy/135975339?query=ML+Engineer,ML Engineer,8,135975339
Агрохимик,Информационные технологии,Москва,Опыт 3-6 лет,https://hh.ru/vacancy/136328518?query=ML+Engineer,ML Engineer,8,136328518
"Старший Go-разработчик, видеоплатформа",Ozon Tech,Москва,Опыт более 6 лет,https://hh.ru/vacancy/136098370?query=ML+Engineer,ML Engineer,8,136098370
Middle+ AI Engineer(MLOps Expert),Сбер. IT,Москва,Опыт 3-6 лет,https://hh.ru/vacancy/135374230?query=ML+Engineer,ML Engineer,8,135374230
Voice Mode Lead (GigaChat),Сбер. Data Science,Москва,Опыт 3-6 лет,https://hh.ru/vacancy/135548783?query=ML+Engineer,ML Engineer,9,135548783
ML-инженер,Т-Банк. ИТ. Разработка,Казань,Опыт 3-6 лет,https://hh.ru/vacancy/133971571?query=ML+Engineer,ML Engineer,9,133971571
Team Lead Data Scientist (направление LLM),ООО Цифровые технологии и платформы,Москва,Опыт 3-6 лет,https://hh.ru/vacancy/135792238?query=ML+Engineer,ML Engineer,9,135792238
AI Data Operations Lead/Руководитель направления подготовки данных для AI,Bitmanager,Москва,Опыт 3-6 лет,https://hh.ru/vacancy/135859059?query=ML+Engineer,ML Engineer,9,135859059
Data Scientist / ML Engineer направление CV (Видеоаналитика эффективности розничных магазинов),X5 Tech,Москва,Опыт 3-6 лет,https://hh.ru/vacancy/134788320?query=ML+Engineer,ML Engineer,9,134788320
ML-инженер в Центр технологий искусственного интеллекта,Т-Банк. ИТ. QA,Самара,Опыт 3-6 лет,https://hh.ru/vacancy/135300047?query=ML+Engineer,ML Engineer,9,135300047
Data Engineer,ООО Лоция,Москва,Опыт 3-6 лет,https://hh.ru/vacancy/135391311?query=ML+Engineer,ML Engineer,9,135391311
ML-инженер,Т-Банк. ИТ. Разработка,"Краснодар, р-н Западный",Опыт 3-6 лет,https://hh.ru/vacancy/131675620?query=ML+Engineer,ML Engineer,9,131675620
ML Engineer (ИИ-агенты),Сбер. IT,Нижний Новгород,Опыт 3-6 лет,https://hh.ru/vacancy/136083409?query=ML+Engineer,ML Engineer,9,136083409
Директор по разработке платформы машинного обучения,"ПАО МегаФон, IT",Москва,Опыт 3-6 лет,https://hh.ru/vacancy/135228233?query=ML+Engineer,ML Engineer,9,135228233
ML Engineer в центр робототехники,Сбер для экспертов,Москва,Опыт 3-6 лет,https://hh.ru/vacancy/135745435?query=ML+Engineer,ML Engineer,9,135745435
ML-инженер / ML Engineer (с пониманием бэкенда),ВкусВилл. Офис,Пермь,Опыт 3-6 лет,https://hh.ru/vacancy/135553205?query=ML+Engineer,ML Engineer,9,135553205
Senior Data Software Engineer (Big Data Engineer),"ТОО Epam Kazakhstan (Эпам Казахстан),ТОО",Астана,Опыт 3-6 лет,https://hh.ru/vacancy/130510313?query=ML+Engineer,ML Engineer,9,130510313
Head of Risk Management/ CRO,"ООО «Передовые Платежные Решения» ФИНАНСЫ, БУХГАЛТЕРИЯ",Москва,Опыт 3-6 лет,https://hh.ru/vacancy/131397975?query=ML+Engineer,ML Engineer,9,131397975
Архитектор систем ИИ (безопасность),YADRO,Москва,Опыт 3-6 лет,https://hh.ru/vacancy/134265283?query=ML+Engineer,ML Engineer,9,134265283
Team Lead Data Scientist,ООО РСХБ-Интех,Москва,Опыт 3-6 лет,https://hh.ru/vacancy/136017208?query=ML+Engineer,ML Engineer,9,136017208
Senior ML-engineer (Центр Квантовых технологий),Сбер. Data Science,Москва,Опыт более 6 лет,https://hh.ru/vacancy/135760721?query=ML+Engineer,ML Engineer,9,135760721
Site Reliability Engineer,Т-Банк. ИТ. Инфраструктура,Казань,Опыт 3-6 лет,https://hh.ru/vacancy/135421567?query=ML+Engineer,ML Engineer,9,135421567
DevOps / MLOps Engineer (гибрид),ООО DOGMA,Москва,Опыт 3-6 лет,https://hh.ru/vacancy/135437726?query=ML+Engineer,ML Engineer,9,135437726
Head of Data Platform — YUSR Group,ТОО Jet Finance (ТОО Mogo Kazakhstan),"Алматы, проспект Назарбаева, 269А",Опыт более 6 лет,https://hh.ru/vacancy/135939497?query=ML+Engineer,ML Engineer,9,135939497
Senior Python Backend Developer R&D Engineer,Altezza Travelling LTD,Моши,Опыт 3-6 лет,https://hh.ru/vacancy/136190065?query=Data+Engineer,Data Engineer,0,136190065
Growth Lead / Лид роста (массовый и молодёжный сегмент),Финансовый сервис О!Деньги (ОсОО Грин Телеком Сервис),"Бишкек, улица Орозбекова, 45",Опыт 3-6 лет,https://hh.ru/vacancy/136353135?query=Data+Engineer,Data Engineer,0,136353135
Java разработчик (финтех),Axenix (ранее Accenture),"Санкт-Петербург, р-н Красногвардейский",Опыт 1-3 года,https://hh.ru/vacancy/136342225?query=Data+Engineer,Data Engineer,0,136342225
Специалист по управлению данными / Аналитик данных (Data Analyst/Data Engineer),ООО Бюро Цифровой Трансформации,Москва,Опыт 1-3 года,https://hh.ru/vacancy/136299705?query=Data+Engineer,Data Engineer,0,136299705
Middle Python Developer,ИП Шлыков Станислав Игоревич,"Оренбург, р-н Ленинский",Опыт 3-6 лет,https://hh.ru/vacancy/136304523?query=Data+Engineer,Data Engineer,0,136304523
Data Engineer,Kaspi.kz,Алматы,Опыт 1-3 года,https://hh.ru/vacancy/136321227?query=Data+Engineer,Data Engineer,0,136321227
Python-разработчик (в офисе),ООО Брисмани,Москва,Опыт 3-6 лет,https://hh.ru/vacancy/136131984?query=Data+Engineer,Data Engineer,0,136131984
Backend Developer / Python Backend Engineer,ИП Першина Маргарита Юрьевна,Москва,Опыт 1-3 года,https://hh.ru/vacancy/136125202?query=Data+Engineer,Data Engineer,0,136125202
Intern (CAPEX & Continuous Improvement),ТОО Coca-Cola İçecek Kazakhstan  ( ТОО СП «Кока-Кола Алматы Боттлерс» ),"Астана, улица А-355, 2",Без опыта,https://hh.ru/vacancy/136156810?query=Data+Engineer,Data Engineer,0,136156810
Ведущий разработчик Java,ООО Фаззи Лоджик Лабс,Москва,Опыт более 6 лет,https://hh.ru/vacancy/136256171?query=Data+Engineer,Data Engineer,0,136256171
Intern (Electrical Engineering),ТОО Coca-Cola İçecek Kazakhstan  ( ТОО СП «Кока-Кола Алматы Боттлерс» ),"Астана, улица А-355, 2",Без опыта,https://hh.ru/vacancy/136287508?query=Data+Engineer,Data Engineer,0,136287508
Senior AI/ML Engineer (LLM / GenAI / NLP),ООО SpbDev,Москва,Опыт 3-6 лет,https://hh.ru/vacancy/135994313?query=Data+Engineer,Data Engineer,0,135994313
Junior Data Engineer (Python / Airflow),SWiP,Москва,Опыт 1-3 года,https://hh.ru/vacancy/135679351?query=Data+Engineer,Data Engineer,0,135679351
Senior QA Engineer,Data-Driven Lab,Москва,Опыт более 6 лет,https://hh.ru/vacancy/136172267?query=Data+Engineer,Data Engineer,0,136172267
Software Engineer (Middle/Senior),ООО Кэтлоджик,Минск,Опыт 1-3 года,https://rabota.by/vacancy/136259179?query=Data+Engineer&hhtmFrom=vacancy_search_list,Data Engineer,0,136259179
Product Operations Manager,ООО Тогл Софт / Toggle,Минск,Опыт 1-3 года,https://rabota.by/vacancy/136300517?query=Data+Engineer&hhtmFrom=vacancy_search_list,Data Engineer,0,136300517
Middle+/Senior Бизнес-/системный аналитик,ООО SpbDev,Москва,Опыт более 6 лет,https://hh.ru/vacancy/135655138?query=Data+Engineer,Data Engineer,0,135655138
ML/NLP Engineer,ООО Аналитические программные решения,Москва,Опыт 1-3 года,https://hh.ru/vacancy/136266371?query=Data+Engineer,Data Engineer,0,136266371
ИИ специалист,Дверянин,"Набережные Челны, БАЗА ЗАО ,,ПОДРЯД,,, 1",Опыт 1-3 года,https://hh.ru/vacancy/136266273?query=Data+Engineer,Data Engineer,0,136266273
Data engineer (Стажер),Sapiens solutions,Москва,Без опыта,https://hh.ru/vacancy/136125082?query=Data+Engineer,Data Engineer,0,136125082
Business Analyst,ООО ПСТ Лабс,Минск,Опыт 3-6 лет,https://rabota.by/vacancy/136185677?query=Data+Engineer&hhtmFrom=vacancy_search_list,Data Engineer,1,136185677
DevOps-инженер,ТОО Институт Космической Техники и Технологии,Алматы,Опыт 1-3 года,https://hh.ru/vacancy/136333715?query=Data+Engineer,Data Engineer,1,136333715
Data Аналитик,Ventra,Москва,Опыт 1-3 года,https://hh.ru/vacancy/136182120?query=Data+Engineer,Data Engineer,1,136182120
Senior+ Data / AI Engineer | LLM / Multi-Agent / RAG,ООО Цифровые технологии и платформы,Москва,Опыт 3-6 лет,https://hh.ru/vacancy/136179259?query=Data+Engineer,Data Engineer,1,136179259
"Стажер Data Engineer в Аналитику для сервиса Заявки Телеком данных [Big Data, МТС Веб Сервисы]","""МТС"", Работа в IT",Москва,Без опыта,https://hh.ru/vacancy/135856097?query=Data+Engineer,Data Engineer,1,135856097
Project Engineer,ТОО JTI Kazakhstan,село Байсерке,Опыт 1-3 года,https://hh.ru/vacancy/136358650?query=Data+Engineer,Data Engineer,1,136358650
Data Engineer,Национальный банк внешнеэкономической деятельности Республики Узбекистана,"Ташкент, проспект Амира Темура, 101",Опыт 1-3 года,https://hh.ru/vacancy/136237838?query=Data+Engineer,Data Engineer,1,136237838
Product Manager по экономике AI-продуктов,PravoTech,Москва,Опыт 3-6 лет,https://hh.ru/vacancy/136178263?query=Data+Engineer,Data Engineer,1,136178263
Data Engineer (Python),Marfatech,Москва,Опыт 1-3 года,https://hh.ru/vacancy/136073653?query=Data+Engineer,Data Engineer,1,136073653
"Data Engineer / Системный аналитик (SQL, Python) / Backend Developer",XUSAINOVA MADINA RAXIMDJANOVNA,Москва,Опыт более 6 лет,https://hh.ru/vacancy/136262283?query=Data+Engineer,Data Engineer,1,136262283
Data Engineer,MAREE,Москва,Опыт 3-6 лет,https://hh.ru/vacancy/136147340?query=Data+Engineer,Data Engineer,1,136147340
Инженер по прототипированию ИИ-решений,IBS,"Москва, р-н Пресненский",Опыт 3-6 лет,https://hh.ru/vacancy/136288267?query=Data+Engineer,Data Engineer,1,136288267
Network Engineer (Vietnam),Servers.com,Дананг,Опыт 3-6 лет,https://hh.ru/vacancy/135181766?query=Data+Engineer,Data Engineer,1,135181766
Electrical Design Engineer (Atyrau),ТОО Bolashak Atyrau,Атырау,Опыт 3-6 лет,https://hh.ru/vacancy/136286225?query=Data+Engineer,Data Engineer,1,136286225
ML Infrastructure Engineer (C++ / HFT),ScoutX,Москва,Опыт 3-6 лет,https://hh.ru/vacancy/136262507?query=Data+Engineer,Data Engineer,1,136262507
Data Engineer,Koronatech,Санкт-Петербург,Опыт 3-6 лет,https://hh.ru/vacancy/135392614?query=Data+Engineer,Data Engineer,1,135392614
Senior Backend Engineer (C#/.NET Core),Meteoro Platform,Астана,Опыт более 6 лет,https://hh.ru/vacancy/136256815?query=Data+Engineer,Data Engineer,1,136256815
Аналитик данных в технический департамент,VK,Москва,Опыт 3-6 лет,https://hh.ru/vacancy/136263866?query=Data+Engineer,Data Engineer,1,136263866
Research Engineer,Точка Банк,"Москва, р-н Тверской",Опыт 3-6 лет,https://hh.ru/vacancy/136142033?query=Data+Engineer,Data Engineer,1,136142033
AI Engineer,АО Цифровой семейный офис,Москва,Опыт 1-3 года,https://hh.ru/vacancy/136031525?query=Data+Engineer,Data Engineer,1,136031525
Аналитик DWH / Инженер данных (Data Engineer),ООО Реванш,"Саратов, Вольский тракт, 14",Опыт 3-6 лет,https://hh.ru/vacancy/136334453?query=Data+Engineer,Data Engineer,2,136334453
Head of QA,ТРТ,Тбилиси,Опыт более 6 лет,https://hh.ru/vacancy/135981665?query=Data+Engineer,Data Engineer,2,135981665
Middle Data Engineer (СберAds),ООО ИЦ АЙ-ТЕКО,"Москва, р-н Тверской",Опыт 3-6 лет,https://hh.ru/vacancy/136304348?query=Data+Engineer,Data Engineer,2,136304348
L1/L2 Support Engineer,Научсофт,Тбилиси,Без опыта,https://rabota.by/vacancy/135995067?query=Data+Engineer&hhtmFrom=vacancy_search_list,Data Engineer,2,135995067
Full-Stack AI Engineer,ТОО Improvado KZ,Сербия,Опыт более 6 лет,https://hh.ru/vacancy/136237601?query=Data+Engineer,Data Engineer,2,136237601
Junior Data Engineer (Laboratory 2.0),IDF Technology,"Минск, Интернациональная улица, 36",Опыт 1-3 года,https://rabota.by/vacancy/136184932?query=Data+Engineer&hhtmFrom=vacancy_search_list,Data Engineer,2,136184932
DevOps-инженер (Infra),YADRO,Владивосток,Опыт 3-6 лет,https://hh.ru/vacancy/136119802?query=Data+Engineer,Data Engineer,2,136119802
Руководитель команды DWH,"МАГНИТ, Розничная сеть. IT",Москва,Опыт 1-3 года,https://hh.ru/vacancy/136322531?query=Data+Engineer,Data Engineer,2,136322531
"Руководитель разработки AI, ML, ITL.",Т1 ИИ,Москва,Опыт 3-6 лет,https://hh.ru/vacancy/136290333?query=Data+Engineer,Data Engineer,2,136290333
AI Engineer,IBS,Москва,Опыт 1-3 года,https://hh.ru/vacancy/136216611?query=Data+Engineer,Data Engineer,2,136216611
Data Scientist,ООО Лайфтех,Минск,Опыт 3-6 лет,https://rabota.by/vacancy/136141713?query=Data+Engineer&hhtmFrom=vacancy_search_list,Data Engineer,2,136141713
Инженер инфраструктуры данных (Data Infrastructure Engineer),Смартер,Казань,Опыт 1-3 года,https://hh.ru/vacancy/136120004?query=Data+Engineer,Data Engineer,2,136120004
Data Engineer (Middle+/Senior),ТРТ,Баку,Опыт более 6 лет,https://hh.ru/vacancy/136210901?query=Data+Engineer,Data Engineer,2,136210901
Junior Data Engineer,ООО АФЛТ-Системс,Москва,Опыт 1-3 года,https://hh.ru/vacancy/135499818?query=Data+Engineer,Data Engineer,2,135499818
Аналитик данных (Фарма),Велфарм Групп,Москва,Опыт 1-3 года,https://hh.ru/vacancy/135225531?query=Data+Engineer,Data Engineer,2,135225531
Quant Trader (кросс-биржевой арбитраж),,Москва,Опыт 3-6 лет,https://hh.ru/vacancy/135623220?query=Data+Engineer,Data Engineer,2,135623220
ML Engineer (AI Agents / Python),Сбер. Data Science,Санкт-Петербург,Без опыта,https://hh.ru/vacancy/136342762?query=Data+Engineer,Data Engineer,2,136342762
Software QA Engineer/Intern (AI-Powered),ТОО Талисман качества,Алматы,Без опыта,https://hh.ru/vacancy/135976683?query=Data+Engineer,Data Engineer,2,135976683
Data Engineer,"ПАО МегаФон, IT",Москва,Опыт 3-6 лет,https://hh.ru/vacancy/136098939?query=Data+Engineer,Data Engineer,2,136098939
Yetakchi mutaxassis (Data Engineer),Xalq Banki,"Ташкент, Чиланзарский район, проспект Бунёдкор, 7Б к3",Без опыта,https://hh.ru/vacancy/135930268?query=Data+Engineer,Data Engineer,2,135930268
Data Engineer,SkillStaff,Москва,Опыт 3-6 лет,https://hh.ru/vacancy/136132667?query=Data+Engineer,Data Engineer,3,136132667
Ведущий продуктовый аналитик / Senior Product Analyst,ООО Майфин,Минск,Опыт 3-6 лет,https://rabota.by/vacancy/136345688?query=Data+Engineer&hhtmFrom=vacancy_search_list,Data Engineer,3,136345688
Data engineer+analyst (DWH),Maxima.tech,Казань,Опыт 1-3 года,https://hh.ru/vacancy/136028980?query=Data+Engineer,Data Engineer,3,136028980
ML Engineer / Data Engineer,Сбер. IT,Москва,Опыт 1-3 года,https://hh.ru/vacancy/136324231?query=Data+Engineer,Data Engineer,3,136324231
Head of Engineering,ООО HAAS PLATFORM,Ташкент,Опыт 3-6 лет,https://hh.ru/vacancy/136097343?query=Data+Engineer,Data Engineer,3,136097343
Стажер-системный аналитик,IBS,"Таганрог, Гоголевский переулок, 6",Без опыта,https://hh.ru/vacancy/136157632?query=Data+Engineer,Data Engineer,3,136157632
Data Analyst,Andersen,"Батуми, проспект Жиули Шартава, 10",Опыт 3-6 лет,https://rabota.by/vacancy/136291336?query=Data+Engineer&hhtmFrom=vacancy_search_list,Data Engineer,3,136291336
"Инженер-расчетчик (CFD, гидродинамика, массообмен) / R&D Engineer, г. Тбилиси",ООО Политех-Плюс,"Тбилиси, улица Акаки Белиашвили, 106",Опыт более 6 лет,https://hh.ru/vacancy/135903504?query=Data+Engineer,Data Engineer,3,135903504
Procurement Manager,ТОО Эйрбас Хеликоптерс Казахстан инжиниринг (Airbus Неliсорtегs Kazakhstan Еnginееring),"Нур-Султан (Астана), улица № 229, 8",Опыт 3-6 лет,https://hh.ru/vacancy/135846467?query=Data+Engineer,Data Engineer,3,135846467
Middle Data Analyst (Дата аналитик),АО CLICK,Ташкент,Опыт 1-3 года,https://hh.ru/vacancy/135688814?query=Data+Engineer,Data Engineer,3,135688814
AI/LLM Security Researcher / Senior MLSecOps (AISec StartUp),SpaceAI,Казань,Опыт более 6 лет,https://hh.ru/vacancy/136100040?query=Data+Engineer,Data Engineer,3,136100040
Senior DevOps Engineer,АО Центр цифрового развития Национального Банка Казахстана,город республиканского значения Астана,Опыт более 6 лет,https://hh.ru/vacancy/136317042?query=Data+Engineer,Data Engineer,3,136317042
Data Science Engineer / Инженер по анализу данных / Инженер по машинному обучению /,ООО Кей Групп,Москва,Опыт 3-6 лет,https://hh.ru/vacancy/135909693?query=Data+Engineer,Data Engineer,3,135909693
"Middle Data Scientist в KION [Big Data, МТС Веб Сервисы]","""МТС"", Работа в IT",Москва,Опыт 1-3 года,https://hh.ru/vacancy/135626045?query=Data+Engineer,Data Engineer,3,135626045
Senior AI Engineer (LLM / AI-продукты),РУСАЛ,Москва,Опыт 3-6 лет,https://hh.ru/vacancy/136188903?query=Data+Engineer,Data Engineer,3,136188903
Senior Data Scientist (Availability),Островок.Ostrovok!Tech,Баку,Опыт 3-6 лет,https://hh.ru/vacancy/136328767?query=Data+Engineer,Data Engineer,3,136328767
Project manager (GigaChat Runtime),Сбер. IT,Москва,Опыт 3-6 лет,https://hh.ru/vacancy/136135754?query=Data+Engineer,Data Engineer,3,136135754
Data Analyst,Andersen,Ташкент,Опыт 3-6 лет,https://rabota.by/vacancy/136182913?query=Data+Engineer&hhtmFrom=vacancy_search_list,Data Engineer,3,136182913
Product analyst,ФЕНСИ ТЕК ГРУП,Москва,Опыт 3-6 лет,https://hh.ru/vacancy/135893157?query=Data+Engineer,Data Engineer,3,135893157
Продуктовый аналитик,Limex,"Чебоксары, улица Карла Маркса, 60А",Опыт 1-3 года,https://hh.ru/vacancy/135388308?query=Data+Engineer,Data Engineer,3,135388308
Менеджер проектов по внедрению ИИ,ООО Ника,"Ижевск, р-н Ленинский",Опыт 1-3 года,https://hh.ru/vacancy/136059774?query=Data+Engineer,Data Engineer,4,136059774
Инженер технической поддержки / Business Support engineer,Paragon Software,Санкт-Петербург,Опыт 1-3 года,https://hh.ru/vacancy/134370280?query=Data+Engineer,Data Engineer,4,134370280
Senior Sales Executive (Account Executive),Velvetech LLC,Тбилиси,Опыт более 6 лет,https://hh.ru/vacancy/136317135?query=Data+Engineer,Data Engineer,4,136317135
Senior Software Test Engineer (Manual+Automation),Иностр. п. ОбъектСтиль/ Object Style,Бишкек,Опыт более 6 лет,https://rabota.by/vacancy/136167953?query=Data+Engineer&hhtmFrom=vacancy_search_list,Data Engineer,4,136167953
Python Backend Engineer (GenAI Data Governance),Сбер. IT,Москва,Опыт 3-6 лет,https://hh.ru/vacancy/136327437?query=Data+Engineer,Data Engineer,4,136327437
Продюсер AI-видео,VVP Group,Химки,Опыт 1-3 года,https://hh.ru/vacancy/135341881?query=Data+Engineer,Data Engineer,4,135341881
Technical Support Team Lead,Zentist,Москва,Опыт 3-6 лет,https://hh.ru/vacancy/135880727?query=Data+Engineer,Data Engineer,4,135880727
AI-Engineer,РТЛабс,Москва,Опыт 3-6 лет,https://hh.ru/vacancy/134784177?query=Data+Engineer,Data Engineer,4,134784177
Системный аналитик DWH,"МАГНИТ, Розничная сеть. IT",Москва,Опыт 1-3 года,https://hh.ru/vacancy/135387276?query=Data+Engineer,Data Engineer,4,135387276
Аналитик данных (ученик),Aston,Москва,Без опыта,https://hh.ru/vacancy/135979782?query=Data+Engineer,Data Engineer,4,135979782
Архитектор баз данных (Data Engineer),ООО Обьнефтеремонт,"Нижневартовск, Индустриальная улица, 4Ас1",Без опыта,https://hh.ru/vacancy/135985728?query=Data+Engineer,Data Engineer,4,135985728
Solar engineer,Yashil energiya,"Ташкент, 1-й проезд Чынгыза Айтматова, 2Б",Опыт 3-6 лет,https://hh.ru/vacancy/136105492?query=Data+Engineer,Data Engineer,4,136105492
AI Engineer (ИИ-сценарии),Сбер. IT,Москва,Опыт 3-6 лет,https://hh.ru/vacancy/136359441?query=Data+Engineer,Data Engineer,4,136359441
Senior Analytics Engineer,ООО TRADINGVIEW GEORGIA,"Тбилиси, улица Жиули Шартава, 31/33",Опыт 3-6 лет,https://hh.ru/vacancy/136129580?query=Data+Engineer,Data Engineer,4,136129580
Head of SaS Product Delivery,DELVE,"Минск, проспект Дзержинского, 3Б",Опыт 3-6 лет,https://rabota.by/vacancy/136222122?query=Data+Engineer&hhtmFrom=vacancy_search_list,Data Engineer,4,136222122
Оператор ПК,METRO.Торговые центры,"Севастополь, улица Тараса Шевченко, 61",Без опыта,https://hh.ru/vacancy/136327301?query=Data+Engineer,Data Engineer,4,136327301
Data Engineer/Дата инженер (в банках),ТОО Agile Soft,Ташкент,Опыт 3-6 лет,https://hh.ru/vacancy/136176163?query=Data+Engineer,Data Engineer,4,136176163
Business Analyst,Uspio LTD,Тбилиси,Опыт 3-6 лет,https://hh.ru/vacancy/136017136?query=Data+Engineer,Data Engineer,4,136017136
Аналитик данных / DWH,ООО Блейз Аналитикс,Москва,Опыт 3-6 лет,https://hh.ru/vacancy/135945939?query=Data+Engineer,Data Engineer,4,135945939
Senior data-инженер (Комплаенс),Сбер. IT,Москва,Опыт 3-6 лет,https://hh.ru/vacancy/136347286?query=Data+Engineer,Data Engineer,4,136347286
Intern/Staff in Climate Change and Sustainability Services,EY Uzbekistan,"Ташкент, проспект Мустакиллик, 75",Опыт 1-3 года,https://hh.ru/vacancy/135892305?query=Data+Engineer,Data Engineer,5,135892305
Инженер данных / Data Engineer,Федеральное автономное учреждение «Национальный институт аккредитации» (ФАУ НИА),Москва,Опыт 3-6 лет,https://hh.ru/vacancy/135755986?query=Data+Engineer,Data Engineer,5,135755986
Data&BI Manager,ИП SMART,Алматы,Опыт 3-6 лет,https://hh.ru/vacancy/136249714?query=Data+Engineer,Data Engineer,5,136249714
IT Business Analyst / Project Manager,АО Astana International Financial Centre Authority,"Астана, проспект Мангилик Ел, 55/18",Опыт 3-6 лет,https://hh.ru/vacancy/135908773?query=Data+Engineer,Data Engineer,5,135908773
Специалист электронных баз данных,METRO.Торговые центры,Москва,Без опыта,https://hh.ru/vacancy/135611075?query=Data+Engineer,Data Engineer,5,135611075
Geologist (Kuwait),Rubius,Москва,Опыт более 6 лет,https://hh.ru/vacancy/135981970?query=Data+Engineer,Data Engineer,5,135981970
Senior Frontend Engineer (Vue),ТРТ,Тбилиси,Опыт более 6 лет,https://hh.ru/vacancy/135483255?query=Data+Engineer,Data Engineer,5,135483255
Data Engineer (senior),ООО Лоция,Москва,Опыт 3-6 лет,https://hh.ru/vacancy/136198734?query=Data+Engineer,Data Engineer,5,136198734
"Middle Data Engineer [Coffers, МТС Веб Сервисы]","""МТС"", Работа в IT",Москва,Опыт 3-6 лет,https://hh.ru/vacancy/135545217?query=Data+Engineer,Data Engineer,5,135545217
Entry level Devops Engineer,ТОО АтырауТехИнвест,Астана,Без опыта,https://hh.ru/vacancy/135498689?query=Data+Engineer,Data Engineer,5,135498689
Junior GIS Analyst (Entry level),ТОО АтырауТехИнвест,"Атырау, улица Жолдаскали Досмухамбетова, 2",Без опыта,https://hh.ru/vacancy/135547778?query=Data+Engineer,Data Engineer,5,135547778
Tech Lead/Backend Architect,Darktheme Studios,"город Окленд, Warfield Avenue",Опыт 3-6 лет,https://hh.ru/vacancy/136188357?query=Data+Engineer,Data Engineer,5,136188357
ML Engineer в команду Disrupt,Сбер. IT,Москва,Опыт 3-6 лет,https://hh.ru/vacancy/136296929?query=Data+Engineer,Data Engineer,5,136296929
Lead AI Engineer/AI Platform Engineer,ООО Битроботикс,"Москва, р-н Преображенское",Опыт 3-6 лет,https://hh.ru/vacancy/135983066?query=Data+Engineer,Data Engineer,5,135983066
Backend Developer / Telecom Integration Engineer,Genesis Group AG,Тбилиси,Опыт 3-6 лет,https://hh.ru/vacancy/136006593?query=Data+Engineer,Data Engineer,5,136006593
Data Engineer,Selecty,Ташкент,Опыт 3-6 лет,https://hh.ru/vacancy/136133856?query=Data+Engineer,Data Engineer,5,136133856
Machine Learning Engineer/Data scientist,ООО Арелаг консалт,Минск,Опыт 1-3 года,https://rabota.by/vacancy/135694780?query=Data+Engineer&hhtmFrom=vacancy_search_list,Data Engineer,5,135694780
Оператор ПК,METRO.Торговые центры,Москва,Без опыта,https://hh.ru/vacancy/135775547?query=Data+Engineer,Data Engineer,5,135775547
Software QA Engineer/Intern (AI-Powered),a1qa (ООО ITRANSITION),Ташкент,Без опыта,https://hh.ru/vacancy/135923013?query=Data+Engineer,Data Engineer,5,135923013
Аналитик данных | Data scientist,JACOBS DOUWE EGBERTS (JDE),Москва,Опыт 3-6 лет,https://hh.ru/vacancy/135984876?query=Data+Engineer,Data Engineer,5,135984876
Программист-исследователь (1С + Machine Learning Engineer),ООО ПКО ТАЛИОН,"Красноярск, р-н Железнодорожный",Опыт 1-3 года,https://hh.ru/vacancy/135792522?query=Data+Engineer,Data Engineer,6,135792522
Data Engineer (Аналитический центр транзакционного бизнеса),"АО Россельхозбанк, Головной офис",Москва,Опыт 3-6 лет,https://hh.ru/vacancy/135139426?query=Data+Engineer,Data Engineer,6,135139426
Data Engineer real-time,PARI,Москва,Опыт 3-6 лет,https://hh.ru/vacancy/135664072?query=Data+Engineer,Data Engineer,6,135664072
Специалист по классическому ML / Data Science / Junior Machine Learning Engineer,Банк Русский Стандарт,Москва,Опыт 1-3 года,https://hh.ru/vacancy/131546356?query=Data+Engineer,Data Engineer,6,131546356
Руководитель направления по управлению данными,"ПАО Держава , АКБ",Москва,Опыт 3-6 лет,https://hh.ru/vacancy/135520547?query=Data+Engineer,Data Engineer,6,135520547
Разработчик/Аналитик Hadoop,IT_One,Москва,Опыт 1-3 года,https://hh.ru/vacancy/136083166?query=Data+Engineer,Data Engineer,6,136083166
Analytics engineer,MAREE,Москва,Опыт 3-6 лет,https://hh.ru/vacancy/134635225?query=Data+Engineer,Data Engineer,6,134635225
Senior Data Engineer,ООО ЭМ Рус,Москва,Опыт 3-6 лет,https://hh.ru/vacancy/135183828?query=Data+Engineer,Data Engineer,6,135183828
Middle/Senior Java Software Engineer,UZUM TECHNOLOGIES. Операции,Ташкент,Опыт 3-6 лет,https://hh.ru/vacancy/132226529?query=Data+Engineer,Data Engineer,6,132226529
ML-разработчик/Data Scientist (портал Рамблер),"Rambler&Co Портал ""Рамблер""",Москва,Опыт 3-6 лет,https://hh.ru/vacancy/136097258?query=Data+Engineer,Data Engineer,6,136097258
Data Engineer,Andersen,Ташкент,Опыт 3-6 лет,https://rabota.by/vacancy/136192663?query=Data+Engineer&hhtmFrom=vacancy_search_list,Data Engineer,6,136192663
"Старший инженер данных, Ozon Банк",Ozon Банк,Москва,Опыт более 6 лет,https://hh.ru/vacancy/136073335?query=Data+Engineer,Data Engineer,6,136073335
Data Collection Engineer (Image & Video),ООО Ридотто,Минск,Опыт 3-6 лет,https://rabota.by/vacancy/136188433?query=Data+Engineer&hhtmFrom=vacancy_search_list,Data Engineer,6,136188433
Fullstack Dashboard Developer (React + API + SQL),Мегаполис (ООО Джин),"Челябинск, р-н Центральный",Опыт 1-3 года,https://hh.ru/vacancy/135900181?query=Data+Engineer,Data Engineer,6,135900181
Head of Data,Drivee,Москва,Опыт 3-6 лет,https://hh.ru/vacancy/134313002?query=Data+Engineer,Data Engineer,6,134313002
Data Engineer,Andersen,Сербия,Опыт 3-6 лет,https://rabota.by/vacancy/136178327?query=Data+Engineer&hhtmFrom=vacancy_search_list,Data Engineer,6,136178327
Data Architect / Data Analyst / ML Engineer,Благотворительный фонд содействия деятельности добровольческой бригады БАРС-Курск,"Курск, р-н Центральный",Опыт 1-3 года,https://hh.ru/vacancy/136364788?query=Data+Engineer,Data Engineer,6,136364788
"Старший инженер данных, Ozon Банк",Ozon Банк,Санкт-Петербург,Опыт более 6 лет,https://hh.ru/vacancy/136078229?query=Data+Engineer,Data Engineer,6,136078229
Data Engineer,ГЕРОФАРМ,Санкт-Петербург,Опыт 3-6 лет,https://hh.ru/vacancy/135275434?query=Data+Engineer,Data Engineer,6,135275434
Backend Software Engineer (PHP),Punto Pago,Санкт-Петербург,Опыт 3-6 лет,https://hh.ru/vacancy/135946239?query=Data+Engineer,Data Engineer,6,135946239
Data Engineer,Домклик,Москва,Опыт 1-3 года,https://hh.ru/vacancy/135928919?query=Data+Engineer,Data Engineer,7,135928919
Data Analyst (Acquisition),TANGEM AG,Белград,Опыт 3-6 лет,https://hh.ru/vacancy/135911990?query=Data+Engineer,Data Engineer,7,135911990
Middle Agentic Engineer (Перспективный AI),Сбер. Data Science,Москва,Опыт 1-3 года,https://hh.ru/vacancy/135890546?query=Data+Engineer,Data Engineer,7,135890546
ML Engineer (NLP & Backend),Сбер. Data Science,Москва,Опыт 3-6 лет,https://hh.ru/vacancy/136187973?query=Data+Engineer,Data Engineer,7,136187973
Head of Product Analytics,АО ASTERIUM,"Ташкент, улица Саида Барака, 12А",Опыт более 6 лет,https://hh.ru/vacancy/136174423?query=Data+Engineer,Data Engineer,7,136174423
Full-Stack Web Developer,Lenkep recruitment,Москва,Опыт 3-6 лет,https://hh.ru/vacancy/135429357?query=Data+Engineer,Data Engineer,7,135429357
Data Scientist в команду Disrupt,Сбер. IT,Москва,Опыт 3-6 лет,https://hh.ru/vacancy/136254680?query=Data+Engineer,Data Engineer,7,136254680
Senior python-разработчик,AERODISK,Москва,Опыт более 6 лет,https://hh.ru/vacancy/133983174?query=Data+Engineer,Data Engineer,7,133983174
Planning Engineer,ТОО WEST DEVELOPMENT COMPANY,"Атырау, станция Карабатан",Опыт 3-6 лет,https://hh.ru/vacancy/136198983?query=Data+Engineer,Data Engineer,7,136198983
Senior системный инженер (Systems / Infrastructure Engineer),FunFlow (ООО Мобильные Игровые Решения),"Москва, р-н Замоскворечье",Опыт 3-6 лет,https://hh.ru/vacancy/135994335?query=Data+Engineer,Data Engineer,7,135994335
"Platform & Security Operations Engineer (FinTech, Crypto)",HR ME,"Сектор 3, Даунтаун Дубай",Опыт 3-6 лет,https://hh.ru/vacancy/136064785?query=Data+Engineer,Data Engineer,7,136064785
Data Platform Engineer (Analytics Infrastructure),ООО ЧУБАККА,Москва,Опыт 3-6 лет,https://hh.ru/vacancy/135770829?query=Data+Engineer,Data Engineer,7,135770829
Оператор ПК/Оператор базы данных,METRO.Торговые центры,"Владимир, р-н Ленинский",Без опыта,https://hh.ru/vacancy/136036337?query=Data+Engineer,Data Engineer,7,136036337
Product Manager LegalTech (со знанием английского языка),Betternations Ltd,Тбилиси,Опыт 3-6 лет,https://hh.ru/vacancy/135795189?query=Data+Engineer,Data Engineer,7,135795189
Product Analyst (Middle+/Senior),Sputnik8,Санкт-Петербург,Опыт 3-6 лет,https://hh.ru/vacancy/135849924?query=Data+Engineer,Data Engineer,7,135849924
Директор департамента аналитики (взыскание задолженности),ООО Агентство Р.О.С.долгЪ,"Воронеж, р-н Ленинский",Опыт 3-6 лет,https://hh.ru/vacancy/136146426?query=Data+Engineer,Data Engineer,7,136146426
Robot Tester / Benchmark Engineer,Сбер для экспертов,Москва,Опыт 3-6 лет,https://hh.ru/vacancy/135745984?query=Data+Engineer,Data Engineer,7,135745984
Supervisor (Civil Works),"Международный Аэропорт Алматы, АО","Алматы, улица Майлина, 2",Опыт более 6 лет,https://hh.ru/vacancy/136325194?query=Data+Engineer,Data Engineer,7,136325194
Аналитик данных,Okko,Москва,Опыт 3-6 лет,https://hh.ru/vacancy/135545262?query=Data+Engineer,Data Engineer,7,135545262
Data Engineer / Инженер данных,Winline. IT & TECH,Москва,Опыт 3-6 лет,https://hh.ru/vacancy/135476347?query=Data+Engineer,Data Engineer,7,135476347
Head of Engineering,the_covert,Тбилиси,Опыт более 6 лет,https://hh.ru/vacancy/135884095?query=Data+Engineer,Data Engineer,8,135884095
PTCi Engineer,Шлюмберже Лоджелко Инк. в РК,Астана,Опыт более 6 лет,https://hh.ru/vacancy/135609995?query=Data+Engineer,Data Engineer,8,135609995
Compensation Analyst,ЭПАМ Системз,Минск,Опыт 3-6 лет,https://rabota.by/vacancy/135519359?query=Data+Engineer&hhtmFrom=vacancy_search_list,Data Engineer,8,135519359
Upper-Middle / Senior AI-Driven Full-stack Engineer (Language-Agnostic),ООО ФинЦифра,Минск,Опыт 3-6 лет,https://rabota.by/vacancy/136077548?query=Data+Engineer&hhtmFrom=vacancy_search_list,Data Engineer,8,136077548
Data Engineer,Andersen,Астана,Опыт 3-6 лет,https://rabota.by/vacancy/136192648?query=Data+Engineer&hhtmFrom=vacancy_search_list,Data Engineer,8,136192648
Fullstack Software Engineer,ТОО HJ Platform (Hero’s Journey),Алматы,Опыт 1-3 года,https://hh.ru/vacancy/135137425?query=Data+Engineer,Data Engineer,8,135137425
Data Engineer,ООО Лоция,Москва,Опыт 3-6 лет,https://hh.ru/vacancy/136079590?query=Data+Engineer,Data Engineer,8,136079590
Senior Data Scientist,"ПАО Банк ПСБ, ИТ",Москва,Опыт более 6 лет,https://hh.ru/vacancy/135554872?query=Data+Engineer,Data Engineer,8,135554872
Depot Director/Depot Manager (English),ТОО GREEN AND SMART MOBILITY KAZAKHSTAN,"Алматы, проспект Сакена Сейфуллина, 617",Опыт более 6 лет,https://hh.ru/vacancy/136313027?query=Data+Engineer,Data Engineer,8,136313027
AI Engineer,BI Group. BI Development,Алматы,Опыт 1-3 года,https://hh.ru/vacancy/135502600?query=Data+Engineer,Data Engineer,8,135502600
Senior Golang Backend Developer (офис),ООО Технология,Новосибирск,Опыт 3-6 лет,https://hh.ru/vacancy/135781389?query=Data+Engineer,Data Engineer,8,135781389
Дата инженер (ученик),Aston,Москва,Без опыта,https://hh.ru/vacancy/136077935?query=Data+Engineer,Data Engineer,8,136077935
Data Engineer/Data Analyst,Сбер. Data Science,Москва,Опыт 1-3 года,https://hh.ru/vacancy/135722488?query=Data+Engineer,Data Engineer,8,135722488
"Data Engineer, Middle+",Solva Group,"Алматы, проспект Сакена Сейфуллина, 502",Опыт 1-3 года,https://hh.ru/vacancy/136024862?query=Data+Engineer,Data Engineer,8,136024862
C++ Developer (FinTech/HFT),Team.Inno / Фабрика инноваций и решений,Минск,Опыт 1-3 года,https://rabota.by/vacancy/136343995?query=Data+Engineer&hhtmFrom=vacancy_search_list,Data Engineer,8,136343995
Data Engineer,ТОО Eurasia Group Kazakhstan,"Астана, улица Казанат, 1/1",Опыт 3-6 лет,https://hh.ru/vacancy/135979374?query=Data+Engineer,Data Engineer,8,135979374
Data Protection Analyst,BI Group. BI Engineering & Construction,"Астана, улица Сыганак, 17М",Опыт 1-3 года,https://hh.ru/vacancy/135295071?query=Data+Engineer,Data Engineer,8,135295071
Data Scientist (Middle\senior),Сбер. IT,Москва,Опыт более 6 лет,https://hh.ru/vacancy/136364807?query=Data+Engineer,Data Engineer,8,136364807
TechLead DevOps/SRE,Сбер. IT,Москва,Опыт 3-6 лет,https://hh.ru/vacancy/136161205?query=Data+Engineer,Data Engineer,8,136161205
Quantity Surveyor,ТОО UCC Holding,село Бейнеу,Опыт более 6 лет,https://hh.ru/vacancy/135702529?query=Data+Engineer,Data Engineer,8,135702529
Data Engineer (кредитные продукты),Сбер. IT,Москва,Опыт 3-6 лет,https://hh.ru/vacancy/135714054?query=Data+Engineer,Data Engineer,9,135714054
"AI Security Researcher & Engineer, MLSecOps (AI Security Startup)",SpaceAI,Казань,Опыт более 6 лет,https://hh.ru/vacancy/135723823?query=Data+Engineer,Data Engineer,9,135723823
Руководитель группы по сбору данных - Data Engineer,Интерлизинг,Москва,Опыт 3-6 лет,https://hh.ru/vacancy/135488366?query=Data+Engineer,Data Engineer,9,135488366
Работник торгового зала,METRO.Торговые центры,"Набережные Челны, проспект Чулман, 33",Без опыта,https://hh.ru/vacancy/136311373?query=Data+Engineer,Data Engineer,9,136311373
Data-аналитик (Корпоративное кредитование),Сбер. IT,Москва,Опыт 1-3 года,https://hh.ru/vacancy/136146396?query=Data+Engineer,Data Engineer,9,136146396
Quant / Trade platform engineer,ИП Медведев Фёдор Яковлевич,Минск,Опыт 1-3 года,https://rabota.by/vacancy/135563248?query=Data+Engineer&hhtmFrom=vacancy_search_list,Data Engineer,9,135563248
Bosh mutaxassis (avtomatlashtirish va sun’iy intelekt bo‘yicha) - zahira yaratish,АО UzAuto Motors,Хазараспский район,Опыт 3-6 лет,https://hh.ru/vacancy/135683962?query=Data+Engineer,Data Engineer,9,135683962
Mining Specialist - Junior Mining Platform,АО Astana International Financial Centre Authority,"Астана, проспект Мангилик Ел, 55/18",Опыт 3-6 лет,https://hh.ru/vacancy/135908878?query=Data+Engineer,Data Engineer,9,135908878
ML Engineer (Middle+/Senior),getmatch,Москва,Опыт 3-6 лет,https://hh.ru/vacancy/135442049?query=Data+Engineer,Data Engineer,9,135442049
Technical Product Owner,Сбер. IT,Москва,Опыт 3-6 лет,https://hh.ru/vacancy/135720998?query=Data+Engineer,Data Engineer,9,135720998
AI application security engineer,Контур,"Екатеринбург, р-н Академический",Опыт 1-3 года,https://hh.ru/vacancy/136160341?query=Data+Engineer,Data Engineer,9,136160341
Senior Data engineer (Рекламная платформа),Сбер. IT,Москва,Опыт более 6 лет,https://hh.ru/vacancy/136246228?query=Data+Engineer,Data Engineer,9,136246228
.NET Trainee,Andersen,"Алматы, проспект Юрия Гагарина, 124",Без опыта,https://rabota.by/vacancy/135902093?query=Data+Engineer&hhtmFrom=vacancy_search_list,Data Engineer,9,135902093
DevOps Trainee,Andersen,Тбилиси,Без опыта,https://rabota.by/vacancy/135322282?query=Data+Engineer&hhtmFrom=vacancy_search_list,Data Engineer,9,135322282
Дата аналитик (Big Data),T2. IT и Digital,Москва,Опыт 3-6 лет,https://hh.ru/vacancy/135855303?query=Data+Engineer,Data Engineer,9,135855303
Senior Data Engineer,Эн+,Иркутск,Опыт 3-6 лет,https://hh.ru/vacancy/135937156?query=Data+Engineer,Data Engineer,9,135937156
Senior Software Developer,ООО Смарт Лид Солюшенз,Минск,Опыт 3-6 лет,https://rabota.by/vacancy/135391972?query=Data+Engineer&hhtmFrom=vacancy_search_list,Data Engineer,9,135391972
Senior / Lead AI Python Engineer,"ТОО Epam Kazakhstan (Эпам Казахстан),ТОО","Астана, проспект Сарыарка, 6",Опыт более 6 лет,https://hh.ru/vacancy/136121500?query=Data+Engineer,Data Engineer,9,136121500
Talent Acquisition Specialist,ТОО Alstom,"Нур-Султан (Астана), улица А 184, 10",Опыт 1-3 года,https://hh.ru/vacancy/133950380?query=Data+Engineer,Data Engineer,9,133950380
Senior ML Engineer / AI Engineer (LLM & Agentic Systems),Сбер. Data Science,Москва,Опыт 3-6 лет,https://hh.ru/vacancy/135635353?query=Data+Engineer,Data Engineer,9,135635353
MLOps,СОГАЗ: г. Москва,Москва,Опыт 3-6 лет,https://hh.ru/vacancy/136264452?query=MLOps,MLOps,0,136264452
Senior AI/ML Engineer (LLM / GenAI / NLP),ООО SpbDev,Москва,Опыт 3-6 лет,https://hh.ru/vacancy/135994313?query=MLOps,MLOps,0,135994313
ML/NLP Engineer,ООО Аналитические программные решения,Москва,Опыт 1-3 года,https://hh.ru/vacancy/136266371?query=MLOps,MLOps,0,136266371
ИИ специалист,Дверянин,"Набережные Челны, БАЗА ЗАО ,,ПОДРЯД,,, 1",Опыт 1-3 года,https://hh.ru/vacancy/136266273?query=MLOps,MLOps,0,136266273
Data Scientist,Selecty,Москва,Опыт 3-6 лет,https://hh.ru/vacancy/136350976?query=MLOps,MLOps,0,136350976
Python/DS специалист (Middle),SkillStaff,Москва,Опыт 3-6 лет,https://hh.ru/vacancy/135611250?query=MLOps,MLOps,0,135611250
ML-инженер,ООО ТОП КЕЙС,Москва,Опыт 3-6 лет,https://hh.ru/vacancy/136122239?query=MLOps,MLOps,0,136122239
AI-программист,ООО ISHONCH,"Ташкент, улица Садыка Азимова, 63",Опыт 1-3 года,https://hh.ru/vacancy/136122861?query=MLOps,MLOps,0,136122861
MLOps Engineer,"ПАО Банк ПСБ, Бизнес и инфраструктура",Москва,Опыт 3-6 лет,https://hh.ru/vacancy/134306880?query=MLOps,MLOps,0,134306880
Senior AI developer (Python),ООО Лайфтех,Минск,Опыт 3-6 лет,https://rabota.by/vacancy/136293998?query=MLOps&hhtmFrom=vacancy_search_list,MLOps,0,136293998
AI Engineer,"HALYK FINANCE, дочерняя организация АО Народный банк",Алматы,Опыт 1-3 года,https://hh.ru/vacancy/136177354?query=MLOps,MLOps,0,136177354
"Python разработчик (Backend, ИИ, ГИС)",CVisionLab,"Таганрог, улица Свободы, 10А",Опыт более 6 лет,https://hh.ru/vacancy/136221532?query=MLOps,MLOps,0,136221532
Дата инженер (Data engineer) Управление модельных рисков и валидации,"Банк ВТБ (ПАО), Технологический блок",Казань,Опыт 1-3 года,https://hh.ru/vacancy/136347101?query=MLOps,MLOps,0,136347101
Аналитик данных / Data Analyst Управление модельных рисков и валидации,"Банк ВТБ (ПАО), Технологический блок",Самара,Опыт 1-3 года,https://hh.ru/vacancy/136328667?query=MLOps,MLOps,0,136328667
Data Scientist (Поддержка и развитие моделей прогнозирования спроса),ДИКСИ. IT,Москва,Опыт 1-3 года,https://hh.ru/vacancy/135427343?query=MLOps,MLOps,0,135427343
Data Scientist,Tech Duck,Польша,Опыт 3-6 лет,https://hh.ru/vacancy/136294653?query=MLOps,MLOps,0,136294653
DevOps-инженер,ООО Синьор Софт,"Рязань, р-н Советский",Опыт 3-6 лет,https://hh.ru/vacancy/136175197?query=MLOps,MLOps,0,136175197
ML-инженер,"МАГНИТ, Розничная сеть. IT","Москва, р-н Беговой",Опыт 1-3 года,https://hh.ru/vacancy/136298305?query=MLOps,MLOps,0,136298305
Инженер по внедрению ИИ и автоматизации,"Группа компаний «Group4Media», Управляющая компания",Москва,Опыт 3-6 лет,https://hh.ru/vacancy/136302480?query=MLOps,MLOps,0,136302480
Senior Java разработчик в MLOps-платформу,ООО Клауд Солюшенс,Москва,Опыт более 6 лет,https://hh.ru/vacancy/136121735?query=MLOps,MLOps,0,136121735
Middle/ Senior Python Backend Developer,СберЗдоровье,Москва,Опыт 3-6 лет,https://hh.ru/vacancy/136096101?query=MLOps,MLOps,1,136096101
Ведущий системный аналитик (MLOps-платформа),ООО Клауд Солюшенс,Москва,Опыт более 6 лет,https://hh.ru/vacancy/136254776?query=MLOps,MLOps,1,136254776
Data Engineer,"ПАО МегаФон, IT",Москва,Опыт 3-6 лет,https://hh.ru/vacancy/136098939?query=MLOps,MLOps,1,136098939
AI Python Engineer,CRT,Санкт-Петербург,Опыт 3-6 лет,https://hh.ru/vacancy/135838069?query=MLOps,MLOps,1,135838069
AI Engineer,АО Astana International Financial Centre Authority,"Астана, проспект Мангилик Ел, 55/18",Опыт 1-3 года,https://hh.ru/vacancy/135908702?query=MLOps,MLOps,1,135908702
ML-инженер,АО Серпуховский завод Металлист,"Серпухов, Луначарского улица, 32",Опыт 3-6 лет,https://hh.ru/vacancy/136287961?query=MLOps,MLOps,1,136287961
Team Lead LLM engineer GenAI,Сбер. IT,Москва,Опыт более 6 лет,https://hh.ru/vacancy/136306039?query=MLOps,MLOps,1,136306039
Ведущий системный аналитик в команду антифрод решений,Альфа-Банк. Центральный офис,Москва,Опыт 3-6 лет,https://hh.ru/vacancy/136355083?query=MLOps,MLOps,1,136355083
ML-инженер,ООО ТулаСофт,Великий Новгород,Опыт более 6 лет,https://hh.ru/vacancy/135649155?query=MLOps,MLOps,1,135649155
Инженер по ИИ/AI Agent Engineer (LLM & Agentic Systems),Градиент,Москва,Опыт 1-3 года,https://hh.ru/vacancy/135993629?query=MLOps,MLOps,1,135993629
ML-инженер в финтех,Secunda,Санкт-Петербург,Опыт 3-6 лет,https://hh.ru/vacancy/135981899?query=MLOps,MLOps,1,135981899
Middle Golang разработчик,Сбер. IT,Москва,Опыт 3-6 лет,https://hh.ru/vacancy/135917661?query=MLOps,MLOps,1,135917661
ML/AI инженер,ООО Единая Цифровая Платформа,Москва,Опыт 3-6 лет,https://hh.ru/vacancy/135996254?query=MLOps,MLOps,1,135996254
Специалист по искусственному интеллекту / AI-инженер,ООО Нео-Терм,"Тюмень, р-н Восточный",Опыт 1-3 года,https://hh.ru/vacancy/135520626?query=MLOps,MLOps,1,135520626
AI/LLM Security Researcher / Senior MLSecOps (AISec StartUp),SpaceAI,Казань,Опыт более 6 лет,https://hh.ru/vacancy/136100040?query=MLOps,MLOps,1,136100040
Data Science Engineer / Инженер по анализу данных / Инженер по машинному обучению /,ООО Кей Групп,Москва,Опыт 3-6 лет,https://hh.ru/vacancy/135909693?query=MLOps,MLOps,1,135909693
Консультант Data Science / Advanced Analytics в Arthur Consulting,ООО Артур Консалтинг,"Москва, р-н Мещанский",Опыт 1-3 года,https://hh.ru/vacancy/136025849?query=MLOps,MLOps,1,136025849
Директор по цифровой трансформации,КДВ Групп,Москва,Опыт более 6 лет,https://hh.ru/vacancy/135724893?query=MLOps,MLOps,1,135724893
TechLead / Senior DevOps (MLOps),USETECH,Москва,Опыт 3-6 лет,https://hh.ru/vacancy/136328984?query=MLOps,MLOps,1,136328984
Frontend-разработчик (Feature Store),Сбер. IT,Москва,Опыт 3-6 лет,https://hh.ru/vacancy/135887613?query=MLOps,MLOps,1,135887613
Стажёр-дата-сайентист (промышленный AI и предиктивная аналитика),ООО ЦКТ,"Санкт-Петербург, р-н Петроградский",Опыт 1-3 года,https://hh.ru/vacancy/135433711?query=MLOps,MLOps,2,135433711
AI/ML Quant Researcher,АО ВИМ Инвестиции,Москва,Опыт более 6 лет,https://hh.ru/vacancy/134983664?query=MLOps,MLOps,2,134983664
Senior ML Engineer в команду Новостройки,Циан,Москва,Опыт 3-6 лет,https://hh.ru/vacancy/135317937?query=MLOps,MLOps,2,135317937
MLOPS/LLMops инженер,Альфа-Банк. ИТ-специалисты,Москва,Опыт 3-6 лет,https://hh.ru/vacancy/136188074?query=MLOps,MLOps,2,136188074
Инженер по ИИ,ООО ДАЛКОС,Москва,Опыт 1-3 года,https://hh.ru/vacancy/135597074?query=MLOps,MLOps,2,135597074
Менеджер AI Проектов,BI Group. BI Development,город республиканского значения Астана,Опыт 1-3 года,https://hh.ru/vacancy/134783417?query=MLOps,MLOps,2,134783417
Senior MLOps & BlockchainOps Engineer (DevOps Engineer in AI & Blockchain products),Simplenight,Москва,Опыт более 6 лет,https://hh.ru/vacancy/136202959?query=MLOps,MLOps,2,136202959
Специалист ИБ (DevSecOps),"ПАО Банк ПСБ, ИТ",Москва,Опыт 3-6 лет,https://hh.ru/vacancy/136262996?query=MLOps,MLOps,2,136262996
AI Инженер Senior,BI Group. BI Development,город республиканского значения Астана,Опыт 1-3 года,https://hh.ru/vacancy/136242463?query=MLOps,MLOps,2,136242463
AI Engineer,ИП Баранов Денис Владимирович,Минск,Опыт 3-6 лет,https://rabota.by/vacancy/135900323?query=MLOps&hhtmFrom=vacancy_search_list,MLOps,2,135900323
Chief Data Officer / Директор по данным,RIS group,Москва,Опыт более 6 лет,https://hh.ru/vacancy/134882897?query=MLOps,MLOps,2,134882897
AI инженер,Сбер. Data Science,Москва,Опыт 3-6 лет,https://hh.ru/vacancy/135642072?query=MLOps,MLOps,2,135642072
Senior ML Engineer Guitarist (Audio / Music / Guitar),FunCorp,Москва,Опыт 3-6 лет,https://hh.ru/vacancy/135831075?query=MLOps,MLOps,2,135831075
Лидер инициативы управления ценностью данных и Data Marketplace / Head of Data Value Management,Сбер для экспертов,Москва,Опыт более 6 лет,https://hh.ru/vacancy/136266325?query=MLOps,MLOps,2,136266325
Руководитель управления машинного обучения,АльфаСтрахование. ИТ,Москва,Опыт более 6 лет,https://hh.ru/vacancy/135793874?query=MLOps,MLOps,2,135793874
"DevOps-инженер (ML/AI, DevSecOps, MLSecOps)","ПАО Банк ПСБ, ИТ","Москва, р-н Басманный",Опыт 1-3 года,https://hh.ru/vacancy/135854288?query=MLOps,MLOps,2,135854288
MLOps/Ai Engineer,HamkorBank,"Ташкент, улица Алтынсай, 27А",Опыт 3-6 лет,https://hh.ru/vacancy/136306941?query=MLOps,MLOps,2,136306941
Data Architect / Data Analyst / ML Engineer,Благотворительный фонд содействия деятельности добровольческой бригады БАРС-Курск,"Курск, р-н Центральный",Опыт 1-3 года,https://hh.ru/vacancy/136364788?query=MLOps,MLOps,2,136364788
Руководитель направления ИИ компетенций (Центра ИИ компетенций и обучения),ООО ИК СИБИНТЕК,Москва,Опыт более 6 лет,https://hh.ru/vacancy/135968796?query=MLOps,MLOps,2,135968796
Руководитель направления по внедрению ПО,Сбер. IT,Москва,Опыт более 6 лет,https://hh.ru/vacancy/136321201?query=MLOps,MLOps,2,136321201
Data Engineer / Инженер MLOPS/ Junior,Bell Integrator,Москва,Опыт 1-3 года,https://hh.ru/vacancy/135022987?query=MLOps,MLOps,3,135022987
AI/ML Solutions Engineer,Лаборатория Касперского,Москва,Опыт 3-6 лет,https://hh.ru/vacancy/135601451?query=MLOps,MLOps,3,135601451
MLOps/DevOps Specialist,АО Home Credit Bank (ДБ АО «ForteBank»),"Алматы, улица Зеина Шашкина, 1/1",Опыт 1-3 года,https://hh.ru/vacancy/134119133?query=MLOps,MLOps,3,134119133
Главный инженер по внедрению ИИ решений,АО Гринатом. ИТ,Москва,Опыт 3-6 лет,https://hh.ru/vacancy/134332545?query=MLOps,MLOps,3,134332545
Системный аналитик Mlops,Альфа-Банк. Центральный офис,Москва,Опыт 3-6 лет,https://hh.ru/vacancy/135645249?query=MLOps,MLOps,3,135645249
MLOps-инженер,Вебзайм,Новосибирск,Опыт 1-3 года,https://hh.ru/vacancy/135509577?query=MLOps,MLOps,3,135509577
ML engineer (invest tech),АО ВИМ Инвестиции,"Москва, р-н Пресненский",Опыт 3-6 лет,https://hh.ru/vacancy/135597984?query=MLOps,MLOps,3,135597984
MLSecOps/Security MLOps,СБЕРКОРУС,Москва,Опыт 1-3 года,https://hh.ru/vacancy/135635687?query=MLOps,MLOps,3,135635687
Scala Developer,Сбер. IT,Москва,Опыт 3-6 лет,https://hh.ru/vacancy/135465752?query=MLOps,MLOps,3,135465752
DevOps \ MLOps,РТК-ЦОД,Москва,Опыт 3-6 лет,https://hh.ru/vacancy/134581617?query=MLOps,MLOps,3,134581617
ML Engineer (Middle+/Senior),getmatch,Москва,Опыт 3-6 лет,https://hh.ru/vacancy/135442049?query=MLOps,MLOps,3,135442049
Senior Data Science,Сбер. Data Science,Москва,Опыт 3-6 лет,https://hh.ru/vacancy/135721984?query=MLOps,MLOps,3,135721984
Инженер-исследователь (Backend/MLOps),Институт искусственного интеллекта AIRI,Москва,Опыт 3-6 лет,https://hh.ru/vacancy/135944464?query=MLOps,MLOps,3,135944464
TechLead (Лаборатория Нейронаук и поведения человека Сбера),Сбер. Data Science,Москва,Опыт 3-6 лет,https://hh.ru/vacancy/135559812?query=MLOps,MLOps,3,135559812
AI Lead,"585, Холдинг",Москва,Опыт 3-6 лет,https://hh.ru/vacancy/136036530?query=MLOps,MLOps,3,136036530
Senior CV Engineer / Team Lead,Рекрутинговое агентство The One,Новосибирск,Опыт более 6 лет,https://hh.ru/vacancy/135532733?query=MLOps,MLOps,3,135532733
Руководитель направления (Казначейство),Альфа-Банк. Центральный офис,Москва,Опыт более 6 лет,https://hh.ru/vacancy/135845056?query=MLOps,MLOps,3,135845056
Senior ML Engineer [CICADA8],"""МТС"", Работа в IT","Москва, р-н Даниловский",Опыт 3-6 лет,https://hh.ru/vacancy/134892192?query=MLOps,MLOps,3,134892192
Senior ML Engineer (ИИ-агенты для бизнеса),Сбер. Data Science,Москва,Опыт 3-6 лет,https://hh.ru/vacancy/135412836?query=MLOps,MLOps,3,135412836
"AI ML Research Scientist - Anomaly Detection and Uncertainty Estimation (Senior, AI RnD команда)",ООО Финфрейм,Москва,Опыт 3-6 лет,https://hh.ru/vacancy/134603841?query=MLOps,MLOps,3,134603841
ML Engineer,ООО UNITEL LLC,"Ташкент, Мирзо-Улугбекский район, махаллинский сход граждан Навнихол",Опыт 1-3 года,https://hh.ru/vacancy/131198720?query=MLOps,MLOps,4,131198720
Ведущий инженер-программист (Team Lead) C++,МФТИ,Долгопрудный,Опыт 3-6 лет,https://hh.ru/vacancy/134488217?query=MLOps,MLOps,4,134488217
Data Scientist / MLE,Сбер. Data Science,Москва,Опыт 3-6 лет,https://hh.ru/vacancy/135470036?query=MLOps,MLOps,4,135470036
MLOps (Инженер LLM-инфраструктуры),Битрикс24,Москва,Опыт более 6 лет,https://hh.ru/vacancy/134215543?query=MLOps,MLOps,4,134215543
Data Scientist (Риски беззалогового кредитования),Сбер. Data Science,Москва,Опыт 1-3 года,https://hh.ru/vacancy/135416783?query=MLOps,MLOps,4,135416783
Senior/Team Lead Data Analyst (команда Foundation Model),Сбер. Data Science,Москва,Опыт более 6 лет,https://hh.ru/vacancy/135965892?query=MLOps,MLOps,4,135965892
Специалист по инфраструктуре машинного обучения (MLOps-инженер),ООО ГАЗИНФОРМСЕРВИС,Санкт-Петербург,Опыт 3-6 лет,https://hh.ru/vacancy/135026170?query=MLOps,MLOps,4,135026170
Эксперт по автоматизации сети радиодоступа,"""МТС"", Технический блок",Москва,Опыт 3-6 лет,https://hh.ru/vacancy/136313914?query=MLOps,MLOps,4,136313914
"Менеджер (ИТ стратегия), Технологическая практика","Kept, Технологическая практика",Москва,Опыт более 6 лет,https://hh.ru/vacancy/135206772?query=MLOps,MLOps,4,135206772
Lead AI Engineer (команда Конструктор Комплексных Решений),Сбер. Data Science,Москва,Опыт более 6 лет,https://hh.ru/vacancy/135975339?query=MLOps,MLOps,4,135975339
Team lead DS,Сбер для экспертов,Москва,Опыт 3-6 лет,https://hh.ru/vacancy/135597467?query=MLOps,MLOps,4,135597467
Middle+ AI Engineer(MLOps Expert),Сбер. IT,Москва,Опыт 3-6 лет,https://hh.ru/vacancy/135374230?query=MLOps,MLOps,4,135374230
DevOps / MLOps Engineer,СберЗдоровье,Москва,Опыт 3-6 лет,https://hh.ru/vacancy/134948269?query=MLOps,MLOps,4,134948269
ML-архитектор/Руководитель направления ИИ-сервисов,АО «ОХК «Уралхим»,Москва,Опыт 3-6 лет,https://hh.ru/vacancy/135716074?query=MLOps,MLOps,4,135716074
Senior Data scientist (Risk),Мокка,Москва,Опыт 3-6 лет,https://hh.ru/vacancy/136028884?query=MLOps,MLOps,4,136028884
Machine Learning Engineer/Data Scientist (ML/DS),Team.Inno / Фабрика инноваций и решений,Минск,Опыт 1-3 года,https://rabota.by/vacancy/135324536?query=MLOps&hhtmFrom=vacancy_search_list,MLOps,4,135324536
Team lead data science,Альфа-Банк. Центральный офис,Москва,Опыт 3-6 лет,https://hh.ru/vacancy/135391768?query=MLOps,MLOps,4,135391768
Руководитель команды ML разработки (AI-агенты),Сбер. IT,Москва,Опыт 3-6 лет,https://hh.ru/vacancy/136076975?query=MLOps,MLOps,4,136076975
Senior Data-инженер,ООО Live Typing,Москва,Опыт более 6 лет,https://hh.ru/vacancy/135405166?query=MLOps,MLOps,4,135405166
Senior NLP engineer,red_mad_robot,Алматы,Опыт 3-6 лет,https://hh.ru/vacancy/135854796?query=MLOps,MLOps,4,135854796
MLOps Engineer,STARTRIBE LTD. Разработка,Белград,Опыт 3-6 лет,https://hh.ru/vacancy/135925665?query=MLOps,MLOps,5,135925665
ML Engineer (NLP),СберЗдоровье,Москва,Опыт 3-6 лет,https://hh.ru/vacancy/134951880?query=MLOps,MLOps,5,134951880
Product Owner/Senior MLOps,Сбер. IT,Москва,Опыт более 6 лет,https://hh.ru/vacancy/135890151?query=MLOps,MLOps,5,135890151
Руководитель Дирекции моделирования кредитных рисков,АО Банк ЦентрКредит,"Алматы, проспект Аль-Фараби, 38",Опыт 3-6 лет,https://hh.ru/vacancy/136066377?query=MLOps,MLOps,5,136066377
Middle/Senior ML Engineer (Trading),Itransition,Минск,Опыт 3-6 лет,https://rabota.by/vacancy/133323220?query=MLOps&hhtmFrom=vacancy_search_list,MLOps,5,133323220
Технический лидер команды разработки AI/ML и backend-систем,ООО Газпромнефть-Снабжение,Санкт-Петербург,Опыт 3-6 лет,https://hh.ru/vacancy/134459198?query=MLOps,MLOps,5,134459198
"Старший Go-разработчик, ML платформа",Ozon Tech,Москва,Опыт 3-6 лет,https://hh.ru/vacancy/133026624?query=MLOps,MLOps,5,133026624
Solution sales менеджер (AI и ML решения),Selectel,Москва,Опыт более 6 лет,https://hh.ru/vacancy/134546287?query=MLOps,MLOps,5,134546287
MLOps Engineer,Aston,Москва,Опыт 3-6 лет,https://hh.ru/vacancy/135787877?query=MLOps,MLOps,5,135787877
ML Engineer — Omnimodal Full-Duplex,Сбер. IT,Москва,Опыт 3-6 лет,https://hh.ru/vacancy/134096919?query=MLOps,MLOps,5,134096919
MLOps Engineer/MLOps Инженер,Aston,Санкт-Петербург,Опыт 3-6 лет,https://hh.ru/vacancy/135421148?query=MLOps,MLOps,5,135421148
Lead ML Engineer (RecSys),Сбер. IT,Москва,Опыт более 6 лет,https://hh.ru/vacancy/136037340?query=MLOps,MLOps,5,136037340
ML-инженер (Узбекистан),Selecty,Ташкент,Опыт 3-6 лет,https://hh.ru/vacancy/135882917?query=MLOps,MLOps,5,135882917
Руководитель ML группы,Ozon Tech,Москва,Опыт 3-6 лет,https://hh.ru/vacancy/134439177?query=MLOps,MLOps,5,134439177
MLOps Engineer,Team.Inno / Фабрика инноваций и решений,Минск,Опыт 1-3 года,https://rabota.by/vacancy/134853385?query=MLOps&hhtmFrom=vacancy_search_list,MLOps,5,134853385
Solution Architect / Архитектор решений (DWH / AI / ML),А2 Консалтинг,Минск,Опыт более 6 лет,https://rabota.by/vacancy/134056999?query=MLOps&hhtmFrom=vacancy_search_list,MLOps,5,134056999
Head of Data Science (fintech),Мокка,Москва,Опыт более 6 лет,https://hh.ru/vacancy/135262359?query=MLOps,MLOps,5,135262359
"Старший инженер по информационной безопасности (ML), Группа аналитики",Ozon Tech,Москва,Опыт 3-6 лет,https://hh.ru/vacancy/135947030?query=MLOps,MLOps,5,135947030
MLOps Engineer,Aston,Ижевск,Опыт 3-6 лет,https://hh.ru/vacancy/135412998?query=MLOps,MLOps,5,135412998
Методолог AINI/ Аналитик AI Index,"""МТС"", Работа в IT",Москва,Опыт 3-6 лет,https://hh.ru/vacancy/135632652?query=MLOps,MLOps,5,135632652
Growth Lead / Лид роста (массовый и молодёжный сегмент),Финансовый сервис О!Деньги (ОсОО Грин Телеком Сервис),"Бишкек, улица Орозбекова, 45",Опыт 3-6 лет,https://hh.ru/vacancy/136353135?query=AI+Engineer,AI Engineer,0,136353135
Видеограф / Videographer (Middle+),ООО SANITARY-PREMIUM,"Ташкент, улица Фидокор, 40",Опыт 3-6 лет,https://hh.ru/vacancy/136363286?query=AI+Engineer,AI Engineer,0,136363286
Специалист технической поддержки,ООО Айсмарт,Москва,Опыт 1-3 года,https://hh.ru/vacancy/136311341?query=AI+Engineer,AI Engineer,0,136311341
Менеджер сайта / интернет магазина,ООО Вертикаль,"Киров, р-н Октябрьский",Опыт 1-3 года,https://hh.ru/vacancy/135994820?query=AI+Engineer,AI Engineer,0,135994820
Backend-разработчик,ТОО Armeta KZ,"Астана, улица Сыганак, 60/2",Опыт 1-3 года,https://hh.ru/vacancy/136339826?query=AI+Engineer,AI Engineer,0,136339826
AI инженер,S7 Group,Москва,Опыт 1-3 года,https://hh.ru/vacancy/136342152?query=AI+Engineer,AI Engineer,0,136342152
QA Engineer (Manual QA),ООО Праймфлора,Москва,Опыт 3-6 лет,https://hh.ru/vacancy/136350178?query=AI+Engineer,AI Engineer,0,136350178
Вайбкодер / Vibe coder,KiteGroup,Казань,Без опыта,https://hh.ru/vacancy/136048682?query=AI+Engineer,AI Engineer,0,136048682
AI-Engineer,ТОО Armeta KZ,"Астана, улица Сыганак, 60/2",Опыт 1-3 года,https://hh.ru/vacancy/136340212?query=AI+Engineer,AI Engineer,0,136340212
QA-инженер/Тестировщик,StudyWorld,Санкт-Петербург,Опыт 3-6 лет,https://hh.ru/vacancy/136218415?query=AI+Engineer,AI Engineer,0,136218415
QA Engineer / Тестировщик программного обеспечения,ООО Смарт Апп Технолоджи лимитед,Минск,Опыт 1-3 года,https://rabota.by/vacancy/136310598?query=AI+Engineer&hhtmFrom=vacancy_search_list,AI Engineer,0,136310598
"QA Engineer / Тестировщик (Web, API, Интеграции)",Netwrk,Москва,Опыт 3-6 лет,https://hh.ru/vacancy/136268082?query=AI+Engineer,AI Engineer,0,136268082
Middle QA Engineer,Phygital+,Москва,Опыт 1-3 года,https://hh.ru/vacancy/136276919?query=AI+Engineer,AI Engineer,0,136276919
Junior+ QA Engineer,PrimeXBT,Москва,Опыт 1-3 года,https://hh.ru/vacancy/135903644?query=AI+Engineer,AI Engineer,0,135903644
"Product Engineer (PHP/Python + Vue, AI-first разработка)",Digital Clouds,Новосибирск,Опыт 3-6 лет,https://hh.ru/vacancy/136283357?query=AI+Engineer,AI Engineer,0,136283357
QA Engineer (Middle),ООО Коллектив Интеллидженс Системс,Москва,Опыт 3-6 лет,https://hh.ru/vacancy/136179339?query=AI+Engineer,AI Engineer,0,136179339
LLM-инженер,АО Медийные Технологии,Москва,Опыт 1-3 года,https://hh.ru/vacancy/135881921?query=AI+Engineer,AI Engineer,0,135881921
Senior PHP-разработчик,RAKETA,"Москва, р-н Пресненский",Опыт 3-6 лет,https://hh.ru/vacancy/136314040?query=AI+Engineer,AI Engineer,0,136314040
Manual QA Engineer,Sputnik8,"Санкт-Петербург, р-н Василеостровский",Опыт 3-6 лет,https://hh.ru/vacancy/136118078?query=AI+Engineer,AI Engineer,0,136118078
HR-бизнес-партнёр для обучения нейросети,Яндекс Крауд: AI-тренеры,Москва,Опыт 3-6 лет,https://hh.ru/vacancy/136355202?query=AI+Engineer,AI Engineer,0,136355202
Руководитель отдела информационных систем,А101,"Новомосковский административный округ, квартал № 35, 10",Опыт более 6 лет,https://hh.ru/vacancy/136163192?query=AI+Engineer,AI Engineer,1,136163192
Дизайнер,ООО Кемеровская Кондитерская Фабрика,"Кемерово, р-н Ленинский",Опыт 3-6 лет,https://hh.ru/vacancy/136233930?query=AI+Engineer,AI Engineer,1,136233930
DevOps-Engineer,SWiP,Москва,Опыт 3-6 лет,https://hh.ru/vacancy/135615214?query=AI+Engineer,AI Engineer,1,135615214
"AI Automation Manager (Claude, ChatGPT) / Менеджер AI-проектов",ООО Бьюти Лайф,Москва,Опыт 1-3 года,https://hh.ru/vacancy/135870849?query=AI+Engineer,AI Engineer,1,135870849
ИИ специалист,Дверянин,"Набережные Челны, БАЗА ЗАО ,,ПОДРЯД,,, 1",Опыт 1-3 года,https://hh.ru/vacancy/136266273?query=AI+Engineer,AI Engineer,1,136266273
DevOps-инженер (МГТС),"""МТС"", Работа в IT",Москва,Опыт 1-3 года,https://hh.ru/vacancy/136264159?query=AI+Engineer,AI Engineer,1,136264159
Креативный/Графический дизайнер,R4S,"Москва, р-н Пресненский",Опыт 1-3 года,https://hh.ru/vacancy/135395925?query=AI+Engineer,AI Engineer,1,135395925
Python Backend Trainee,ЧК ITS PARTNER LTD.,Алматы,Без опыта,https://hh.ru/vacancy/136131345?query=AI+Engineer,AI Engineer,1,136131345
Java-разработчик / Java Developer,ООО ДжастМоби,"Тольятти, р-н Центральный",Опыт 3-6 лет,https://hh.ru/vacancy/135688371?query=AI+Engineer,AI Engineer,1,135688371
AI-инженер / AI Automation Engineer,Young Unicorn,Москва,Опыт 3-6 лет,https://hh.ru/vacancy/136072543?query=AI+Engineer,AI Engineer,1,136072543
Технический директор в команду Земли и Девелопмента,АО Банк ДОМ.РФ IT,Москва,Опыт более 6 лет,https://hh.ru/vacancy/136318452?query=AI+Engineer,AI Engineer,1,136318452
AI-программист,ООО ISHONCH,"Ташкент, улица Садыка Азимова, 63",Опыт 1-3 года,https://hh.ru/vacancy/136122861?query=AI+Engineer,AI Engineer,1,136122861
Инженер по внедрению LLM/Ведущий системный аналитик,target ai,Санкт-Петербург,Опыт 3-6 лет,https://hh.ru/vacancy/136294626?query=AI+Engineer,AI Engineer,1,136294626
Системный аналитик (ML-платформа),"ПАО Банк ПСБ, Бизнес и инфраструктура",Москва,Опыт 3-6 лет,https://hh.ru/vacancy/134071816?query=AI+Engineer,AI Engineer,1,134071816
MLOps Engineer,"ПАО Банк ПСБ, Бизнес и инфраструктура",Москва,Опыт 3-6 лет,https://hh.ru/vacancy/134306880?query=AI+Engineer,AI Engineer,1,134306880
Системный инженер (ItOps) внутренней инфраструктуры,Дартс рекрутинг сервисез,Санкт-Петербург,Опыт более 6 лет,https://hh.ru/vacancy/136262305?query=AI+Engineer,AI Engineer,1,136262305
Fullstack-разработчик,АНО ЦЭМАК,Москва,Опыт более 6 лет,https://hh.ru/vacancy/136298640?query=AI+Engineer,AI Engineer,1,136298640
ML/AI Developer,ИП Литвиненко Александр Юрьевич,Москва,Опыт 3-6 лет,https://hh.ru/vacancy/136189562?query=AI+Engineer,AI Engineer,1,136189562
ML engineer/ Computer Vision and Generative AI,Группа компаний «Триумф»,Москва,Опыт 1-3 года,https://hh.ru/vacancy/136278775?query=AI+Engineer,AI Engineer,1,136278775
Frontend-разработчик,Стратосфера,Санкт-Петербург,Опыт 3-6 лет,https://hh.ru/vacancy/135032034?query=AI+Engineer,AI Engineer,1,135032034
Python Backend Developer / AI Engineer,ООО ЯМКЕТ,Москва,Опыт 3-6 лет,https://hh.ru/vacancy/136011243?query=AI+Engineer,AI Engineer,2,136011243
AI-креатор / ИИ-креатор,OneTwoTrip,Москва,Опыт 1-3 года,https://hh.ru/vacancy/135523967?query=AI+Engineer,AI Engineer,2,135523967
Инженер-конструктор по робототехнике / Mechanical Engineer,ИП Федорова Оксана Валериевна,город Ханчжоу,Опыт 3-6 лет,https://hh.ru/vacancy/136223576?query=AI+Engineer,AI Engineer,2,136223576
Системный аналитик,ИП Михеев Сергей Игоревич,Москва,Опыт более 6 лет,https://hh.ru/vacancy/136299703?query=AI+Engineer,AI Engineer,2,136299703
DevOps инженер,Data World,Москва,Опыт 3-6 лет,https://hh.ru/vacancy/135465711?query=AI+Engineer,AI Engineer,2,135465711
"Руководитель отдела продаж B2B (IT-решения, AI)",Riverstart (ООО Риверстарт),"Москва, р-н Тверской",Опыт 3-6 лет,https://hh.ru/vacancy/136123101?query=AI+Engineer,AI Engineer,2,136123101
ML Engineer,Digital Chief,Москва,Опыт 3-6 лет,https://hh.ru/vacancy/136242605?query=AI+Engineer,AI Engineer,2,136242605
Ai Backend engineer,HamkorBank,"Ташкент, улица Алтынсай, 27А",Опыт 3-6 лет,https://hh.ru/vacancy/136307268?query=AI+Engineer,AI Engineer,2,136307268
AI-разработчик / AI Engineer (автоматизация бизнес-процессов),ООО Глобус-М,Москва,Опыт 1-3 года,https://hh.ru/vacancy/135401648?query=AI+Engineer,AI Engineer,2,135401648
ML Developer / Machine Learning Engineer,ИП Першина Маргарита Юрьевна,Москва,Опыт 1-3 года,https://hh.ru/vacancy/136125248?query=AI+Engineer,AI Engineer,2,136125248
Senior Automation QA Engineer,Сбер. IT,Москва,Опыт 3-6 лет,https://hh.ru/vacancy/136317492?query=AI+Engineer,AI Engineer,2,136317492
Программист/Разработчик (Unreal Engine 4),ООО МИРТЕК,"Ставрополь, р-н Промышленный",Опыт 1-3 года,https://hh.ru/vacancy/135610918?query=AI+Engineer,AI Engineer,2,135610918
Fullstack Engineer / AI Developer,ООО ЯМКЕТ,Москва,Опыт 3-6 лет,https://hh.ru/vacancy/136011346?query=AI+Engineer,AI Engineer,2,136011346
QA Engineer,АО Цифровой семейный офис,Москва,Опыт 3-6 лет,https://hh.ru/vacancy/135410356?query=AI+Engineer,AI Engineer,2,135410356
Инженер технической поддержки (2 линия),Voximplant,Москва,Опыт 1-3 года,https://hh.ru/vacancy/135609127?query=AI+Engineer,AI Engineer,2,135609127
Data Scientist,Tech Duck,Польша,Опыт 3-6 лет,https://hh.ru/vacancy/136294653?query=AI+Engineer,AI Engineer,2,136294653
Digital & Product Designer (AI-native),Goulash.Tech,Екатеринбург,Опыт 3-6 лет,https://hh.ru/vacancy/135745531?query=AI+Engineer,AI Engineer,2,135745531
AI Automation Engineer (Инженер по AI-автоматизации),ООО Скайтек,"Новосибирск, р-н Советский",Опыт 1-3 года,https://hh.ru/vacancy/136038929?query=AI+Engineer,AI Engineer,2,136038929
Fullstack / Python-разработчик в ИТ-компанию Crown (AI & Data),ИП Корзухин Виталий Валерьевич,Пермь,Опыт 1-3 года,https://hh.ru/vacancy/136236166?query=AI+Engineer,AI Engineer,2,136236166
Старший разработчик С# (Черногория),Tungsten Montenegro DOO Podgorica,Подгорица,Опыт 3-6 лет,https://hh.ru/vacancy/136322290?query=AI+Engineer,AI Engineer,2,136322290
Junior AI/ML-инженер,ELEMENT,"Санкт-Петербург, р-н Центральный",Опыт 1-3 года,https://hh.ru/vacancy/135899303?query=AI+Engineer,AI Engineer,3,135899303
Менеджер проекта (AI Project Manager),ООО ТОП КЕЙС,Москва,Опыт 3-6 лет,https://hh.ru/vacancy/135482880?query=AI+Engineer,AI Engineer,3,135482880
Технический руководитель группы проектов / Lead Technical Project Manager (AI),РУСАЛ,Москва,Опыт более 6 лет,https://hh.ru/vacancy/136107975?query=AI+Engineer,AI Engineer,3,136107975
Промт-инженер / Prompt Engineer,WineChef,Волгоград,Опыт 1-3 года,https://hh.ru/vacancy/134461486?query=AI+Engineer,AI Engineer,3,134461486
Product Engineer / Full Stack разработчик,Азбука Антенн,"Пермь, р-н Ленинский",Опыт 3-6 лет,https://hh.ru/vacancy/136091769?query=AI+Engineer,AI Engineer,3,136091769
Инженер по прототипированию ИИ-решений,IBS,"Москва, р-н Пресненский",Опыт 3-6 лет,https://hh.ru/vacancy/136288267?query=AI+Engineer,AI Engineer,3,136288267
Преподаватель центра дополнительного творческого образования,Universal University,Москва,Опыт более 6 лет,https://hh.ru/vacancy/135826073?query=AI+Engineer,AI Engineer,3,135826073
Senior Fullstack-разработчик (Go/Java + Angular/React),ООО САЛАИР,Москва,Опыт 3-6 лет,https://hh.ru/vacancy/136244739?query=AI+Engineer,AI Engineer,3,136244739
Senior QA engineer,red_mad_robot,Алматы,Опыт 3-6 лет,https://hh.ru/vacancy/135855771?query=AI+Engineer,AI Engineer,3,135855771
Technical Support Engineer,Offer Now,Турция,Опыт 3-6 лет,https://hh.ru/vacancy/135364938?query=AI+Engineer,AI Engineer,3,135364938
ML-инженер (нефтетрейдинговая компания),ООО Омега Энерджи,Москва,Опыт 3-6 лет,https://hh.ru/vacancy/136179961?query=AI+Engineer,AI Engineer,3,136179961
Системный архитектор с опытом в ИИ,Rx2Go,Москва,Опыт более 6 лет,https://hh.ru/vacancy/136253271?query=AI+Engineer,AI Engineer,3,136253271
Lead of Tech Support,ИП Киселев Василий Андреевич,Москва,Опыт 3-6 лет,https://hh.ru/vacancy/136096059?query=AI+Engineer,AI Engineer,3,136096059
Лидер AI-трансформации IT,ИП Волчанская Анна Александровна,Москва,Опыт 3-6 лет,https://hh.ru/vacancy/136230316?query=AI+Engineer,AI Engineer,3,136230316
AI Project Manager,ООО Игровые Системы,Москва,Опыт 3-6 лет,https://hh.ru/vacancy/136166111?query=AI+Engineer,AI Engineer,3,136166111
Технический писатель,Quadcode,Москва,Опыт 1-3 года,https://hh.ru/vacancy/136019085?query=AI+Engineer,AI Engineer,3,136019085
Frontend Engineer (React / Next.js),Одно Поле,Москва,Опыт 3-6 лет,https://hh.ru/vacancy/135531047?query=AI+Engineer,AI Engineer,3,135531047
Lead AI/LLM Engineer (Руководитель направления AI),ООО Софт Бизнес Системы,Москва,Опыт 3-6 лет,https://hh.ru/vacancy/136244658?query=AI+Engineer,AI Engineer,3,136244658
Support Engineer L3 / Junior Devops,Плати по миру,Москва,Опыт 3-6 лет,https://hh.ru/vacancy/134338169?query=AI+Engineer,AI Engineer,3,134338169
Team Lead/Руководитель группы разработки (IT/AI),ООО Специализированный Застройщик Риверхаус,Москва,Опыт 3-6 лет,https://hh.ru/vacancy/136317966?query=AI+Engineer,AI Engineer,3,136317966
Project Manager,ООО ДиСтудиа57,Минск,Без опыта,https://rabota.by/vacancy/135667495?query=AI+Engineer&hhtmFrom=vacancy_search_list,AI Engineer,4,135667495
ML-инженер,ТОО Networks Energy,"Астана, проспект Рахимжана Кошкарбаева, 1/4",Опыт 3-6 лет,https://hh.ru/vacancy/136294347?query=AI+Engineer,AI Engineer,4,136294347
Руководитель направления тестирования (Head of QA),АО РАСЧЕТНЫЕ РЕШЕНИЯ,Москва,Опыт более 6 лет,https://hh.ru/vacancy/130638005?query=AI+Engineer,AI Engineer,4,130638005
"Backend / Software Engineer (Python, FastAPI)",Одно Поле,Москва,Опыт 3-6 лет,https://hh.ru/vacancy/135531048?query=AI+Engineer,AI Engineer,4,135531048
ML-инженер,Meteoro Platform,Астана,Опыт 3-6 лет,https://hh.ru/vacancy/136252218?query=AI+Engineer,AI Engineer,4,136252218
AI Engineer / Data Scientist,ТОО Mladex (Mladex Pharm Consulting Group),Алматы,Опыт 1-3 года,https://hh.ru/vacancy/136081562?query=AI+Engineer,AI Engineer,4,136081562
Product Manager (менеджер по продукту),Beautyliner Group,Москва,Опыт 3-6 лет,https://hh.ru/vacancy/136253979?query=AI+Engineer,AI Engineer,4,136253979
AI Creative Developer / Vibe Coder (AI Software),Quadcode,Москва,Опыт 1-3 года,https://hh.ru/vacancy/134953093?query=AI+Engineer,AI Engineer,4,134953093
AI-инженер / специалист по автоматизации бизнес-процессов,ООО МИТЛИС,"Балашиха, Звёздная улица, 7Б",Опыт 1-3 года,https://hh.ru/vacancy/135696538?query=AI+Engineer,AI Engineer,4,135696538
QA Engineer,ООО Хайкор Геймз,Минск,Опыт 1-3 года,https://rabota.by/vacancy/135709711?query=AI+Engineer&hhtmFrom=vacancy_search_list,AI Engineer,4,135709711
AI Tooling Engineer / Senior python developer,Positive Technologies,Москва,Опыт более 6 лет,https://hh.ru/vacancy/135661875?query=AI+Engineer,AI Engineer,4,135661875
Бухгалтер по кадровому учёту и расчётам с подотчётными лицами,Дартс рекрутинг сервисез,Санкт-Петербург,Опыт 3-6 лет,https://hh.ru/vacancy/136095607?query=AI+Engineer,AI Engineer,4,136095607
Product Lead,Neiry,Москва,Опыт 3-6 лет,https://hh.ru/vacancy/135859624?query=AI+Engineer,AI Engineer,4,135859624
"Python Developer AI team (в офис, г. Йошкар-Ола)",TravelLine,"Йошкар-Ола, Комсомольская улица, 112",Опыт 3-6 лет,https://hh.ru/vacancy/135712719?query=AI+Engineer,AI Engineer,4,135712719
Руководитель проектов/ AI инженер,TIQUM,"Уфа, р-н Советский",Опыт 3-6 лет,https://hh.ru/vacancy/135735678?query=AI+Engineer,AI Engineer,4,135735678
Legal Documentation & Workflow Coordinator,,Тбилиси,Опыт 1-3 года,https://hh.ru/vacancy/136140604?query=AI+Engineer,AI Engineer,4,136140604
IT-Project Manager (Telco),Sifox,Москва,Опыт 3-6 лет,https://hh.ru/vacancy/135352236?query=AI+Engineer,AI Engineer,4,135352236
MarTech Lab Intern (AI) / Стажер-инженер по работе с ИИ,Okkam,Москва,Без опыта,https://hh.ru/vacancy/136142254?query=AI+Engineer,AI Engineer,4,136142254
Auto и manual тестировщик/QA,FINLEO,"Тюмень, р-н Центральный",Опыт 1-3 года,https://hh.ru/vacancy/135989651?query=AI+Engineer,AI Engineer,4,135989651
CRM-маркетолог / CRM Marketing Engineer,Сеть клиник Подружки,Москва,Опыт 1-3 года,https://hh.ru/vacancy/136220272?query=AI+Engineer,AI Engineer,4,136220272
AI - автоматизатор (AI-Driven Development),ru.shopping (ООО РАШ),Москва,Опыт 3-6 лет,https://hh.ru/vacancy/135547496?query=AI+Engineer,AI Engineer,5,135547496
Разработчик AI/ML решений ( Senior),ООО 4А.Консалтинг,"городской округ Красногорск, Новорижское шоссе, 26-й километр, к4",Опыт 3-6 лет,https://hh.ru/vacancy/135900731?query=AI+Engineer,AI Engineer,5,135900731
Офис-менеджер,ООО ПИФ Возрождение,"Сыктывкар, Гаражная улица, 25",Без опыта,https://hh.ru/vacancy/136037612?query=AI+Engineer,AI Engineer,5,136037612
Сетевой инженер,SberTech,Москва,Опыт 3-6 лет,https://hh.ru/vacancy/136173999?query=AI+Engineer,AI Engineer,5,136173999
AI-разработчик автоматизаций,Sunscrypt.ru,Москва,Опыт 1-3 года,https://hh.ru/vacancy/136319824?query=AI+Engineer,AI Engineer,5,136319824
Frontend-разработчик (React + Three.js),MARTA,Москва,Опыт 1-3 года,https://hh.ru/vacancy/136229852?query=AI+Engineer,AI Engineer,5,136229852
Senior Go разработчик,EYES OF WONDER SOFTWARE LLC,Москва,Опыт 3-6 лет,https://hh.ru/vacancy/135679907?query=AI+Engineer,AI Engineer,5,135679907
Директор по информационным технологиям в девелопменте,Группа Гута,Москва,Опыт более 6 лет,https://hh.ru/vacancy/135776825?query=AI+Engineer,AI Engineer,5,135776825
Head of QA,ТРТ,Тбилиси,Опыт более 6 лет,https://hh.ru/vacancy/135981665?query=AI+Engineer,AI Engineer,5,135981665
AI Product manager,Плати по миру,Москва,Опыт 3-6 лет,https://hh.ru/vacancy/135947348?query=AI+Engineer,AI Engineer,5,135947348
Инженер по нейросетям (рабочее место г.Хабаровск),АО Универсальная лизинговая компания,"Хабаровск, р-н Кировский",Опыт 1-3 года,https://hh.ru/vacancy/134770896?query=AI+Engineer,AI Engineer,5,134770896
Стажер (информационная безопасность) в международную IT компанию,Xsolla,Владивосток,Без опыта,https://hh.ru/vacancy/135498675?query=AI+Engineer,AI Engineer,5,135498675
Тестировщик ПО/Junior Manual QA Engineer,"DSR, Группа Компаний","Воронеж, р-н Ленинский",Опыт 1-3 года,https://hh.ru/vacancy/135614665?query=AI+Engineer,AI Engineer,5,135614665
Руководитель Бизнес Юнита в ИТ,Hoff Tech,Москва,Опыт более 6 лет,https://hh.ru/vacancy/134572372?query=AI+Engineer,AI Engineer,5,134572372
Full-Stack AI Engineer,ТОО Improvado KZ,Сербия,Опыт более 6 лет,https://hh.ru/vacancy/136237601?query=AI+Engineer,AI Engineer,5,136237601
Стажер AI-инженер,Xsolla,"Пермь, р-н Ленинский",Без опыта,https://hh.ru/vacancy/135744354?query=AI+Engineer,AI Engineer,5,135744354
Графический дизайнер / Digital designer,Интегрант,Москва,Опыт 1-3 года,https://hh.ru/vacancy/135902411?query=AI+Engineer,AI Engineer,5,135902411
"Технический директор (iGaming, Go, Next.js)",Президент Сервис Консалт,Москва,Опыт более 6 лет,https://hh.ru/vacancy/136241993?query=AI+Engineer,AI Engineer,5,136241993
Аналитик данных,2ГИС.Бизнес и управление,Новосибирск,Опыт 3-6 лет,https://hh.ru/vacancy/136192590?query=AI+Engineer,AI Engineer,5,136192590
Инженер-разработчик систем искусственного интеллекта (Artificial Intelligence Engineer),Федеральная пассажирская компания (АО ФПК),"Москва, р-н Красносельский",Опыт 3-6 лет,https://hh.ru/vacancy/136365916?query=AI+Engineer,AI Engineer,5,136365916
Бизнес-ассистент,ИП Тимофеева Анастасия Сергеевна,Москва,Опыт 1-3 года,https://hh.ru/vacancy/136357631?query=AI+Engineer,AI Engineer,6,136357631
Yetakchi mutaxassis (Data Engineer),Xalq Banki,"Ташкент, Чиланзарский район, проспект Бунёдкор, 7Б к3",Без опыта,https://hh.ru/vacancy/135930268?query=AI+Engineer,AI Engineer,6,135930268
Senior QA engineer (full-stack),ООО ОнТаргет ЛАБС,Тбилиси,Опыт 3-6 лет,https://hh.ru/vacancy/136180865?query=AI+Engineer,AI Engineer,6,136180865
"Инженер по тестированию Линукс, Москва",ООО Люмера,Москва,Опыт 1-3 года,https://hh.ru/vacancy/136026270?query=AI+Engineer,AI Engineer,6,136026270
AI Python Engineer,CRT,Санкт-Петербург,Опыт 3-6 лет,https://hh.ru/vacancy/135838069?query=AI+Engineer,AI Engineer,6,135838069
Fullstack-разработчик,Infonova Solutions,Эр-Рияд,Опыт более 6 лет,https://hh.ru/vacancy/135624888?query=AI+Engineer,AI Engineer,6,135624888
Software QA Engineer/Intern (AI-Powered),ТОО Талисман качества,город республиканского значения Астана,Без опыта,https://hh.ru/vacancy/135976120?query=AI+Engineer,AI Engineer,6,135976120
Ведущий инженер отдела систем управления СКЗИ,Сбер. Кибербезопасность,Москва,Опыт 1-3 года,https://hh.ru/vacancy/136180945?query=AI+Engineer,AI Engineer,6,136180945
AI Engineer,АО Astana International Financial Centre Authority,"Астана, проспект Мангилик Ел, 55/18",Опыт 1-3 года,https://hh.ru/vacancy/135908702?query=AI+Engineer,AI Engineer,6,135908702
Python middle разработчик(ai),Консалтика,Москва,Опыт 3-6 лет,https://hh.ru/vacancy/135473400?query=AI+Engineer,AI Engineer,6,135473400
Senior LLM Backend Engineer,YADRO,Москва,Опыт 3-6 лет,https://hh.ru/vacancy/136220395?query=AI+Engineer,AI Engineer,6,136220395
Data Scientist (junior),Сбер. Data Science,Нижний Новгород,Без опыта,https://hh.ru/vacancy/135364012?query=AI+Engineer,AI Engineer,6,135364012
Senior Backend Engineer /AI-Driven Development,ProfiStaff,"Москва, р-н Северное Тушино",Опыт более 6 лет,https://hh.ru/vacancy/135865383?query=AI+Engineer,AI Engineer,6,135865383
Сетевой инженер,Сбер. IT,Москва,Без опыта,https://hh.ru/vacancy/135504018?query=AI+Engineer,AI Engineer,6,135504018
Креатор AI-видео контента,ООО ЧУБАККА,Москва,Опыт 3-6 лет,https://hh.ru/vacancy/136179186?query=AI+Engineer,AI Engineer,6,136179186
"Product Manager (карточная эмиссия, Crypto & Fintech)",ООО Зенит-Брокер,Москва,Опыт 3-6 лет,https://hh.ru/vacancy/136227320?query=AI+Engineer,AI Engineer,6,136227320
Junior MLE (стажер),Сбер. IT,Москва,Без опыта,https://hh.ru/vacancy/135704690?query=AI+Engineer,AI Engineer,6,135704690
AI Tech Lead,"""МТС"", Работа в IT",Москва,Опыт 3-6 лет,https://hh.ru/vacancy/135921269?query=AI+Engineer,AI Engineer,6,135921269
Team Lead LLM engineer GenAI,Сбер. IT,Москва,Опыт более 6 лет,https://hh.ru/vacancy/136306039?query=AI+Engineer,AI Engineer,6,136306039
Тестировщик Naimus.Ai,ООО АЙФЭЛЛ,Москва,Опыт 3-6 лет,https://hh.ru/vacancy/135436749?query=AI+Engineer,AI Engineer,6,135436749
AI/ML-инженер,"Максимум, Автомобильный холдинг",Санкт-Петербург,Опыт 1-3 года,https://hh.ru/vacancy/135721610?query=AI+Engineer,AI Engineer,7,135721610
Специалист по АСУТП и КИПиА,ООО NP ESAN,"городской посёлок Салар, улица ТашГРЭС",Опыт 3-6 лет,https://hh.ru/vacancy/135703380?query=AI+Engineer,AI Engineer,7,135703380
QA Automation Engineer (Python),Robusta,Москва,Опыт 3-6 лет,https://hh.ru/vacancy/135847598?query=AI+Engineer,AI Engineer,7,135847598
Программист микроконтроллеров / Embedded-инженер,АО Смарткор,Москва,Опыт 3-6 лет,https://hh.ru/vacancy/136093149?query=AI+Engineer,AI Engineer,7,136093149
QA-инженер,Сбер. IT,Сочи,Опыт 1-3 года,https://hh.ru/vacancy/136239953?query=AI+Engineer,AI Engineer,7,136239953
Дизайнер интерьеров,Дизайн-студия Елены Крыловой,Москва,Опыт более 6 лет,https://hh.ru/vacancy/135857662?query=AI+Engineer,AI Engineer,7,135857662
"Младший инженер по продажам (фарма, химия)",STANDARD GROUP,Москва,Без опыта,https://hh.ru/vacancy/136176278?query=AI+Engineer,AI Engineer,7,136176278
"AI-инженер / ML-инженер контент-завод (LLM-агенты, генерация видео, ComfyUI, RPA автоматизация)",Убей скуку (ИП Мамонько Алексей Александрович),Минск,Опыт 1-3 года,https://hh.ru/vacancy/136088100?query=AI+Engineer,AI Engineer,7,136088100
Ведущий специалист по автоматизации тестирования / QA Engineer,Altcraft,"Рязань, р-н Железнодорожный",Опыт 3-6 лет,https://hh.ru/vacancy/135243211?query=AI+Engineer,AI Engineer,7,135243211
AI инженер (ML),ООО Аспирити,"Красноярск, р-н Железнодорожный",Опыт 3-6 лет,https://hh.ru/vacancy/135943859?query=AI+Engineer,AI Engineer,7,135943859
Data Analyst Middle,Sputnik8,Санкт-Петербург,Опыт 1-3 года,https://hh.ru/vacancy/135891466?query=AI+Engineer,AI Engineer,7,135891466
AI Engineer,Сбер. IT,Москва,Опыт 1-3 года,https://hh.ru/vacancy/136365705?query=AI+Engineer,AI Engineer,7,136365705
ML/AI инженер,ООО Единая Цифровая Платформа,Москва,Опыт 3-6 лет,https://hh.ru/vacancy/135996254?query=AI+Engineer,AI Engineer,7,135996254
"Дизайнер по интерьерной графике (фотообои, наклейки) / Графический дизайнер (маркетплейсы)",ИП Соломина Светлана Вячеславовна,"Иваново, р-н Ленинский",Опыт 1-3 года,https://hh.ru/vacancy/136166901?query=AI+Engineer,AI Engineer,7,136166901
ML инженер,Институт Исследования Нейросетей и Робототехники,"Хабаровск, р-н Центральный",Опыт 1-3 года,https://hh.ru/vacancy/135821912?query=AI+Engineer,AI Engineer,7,135821912
Middle Prompt-engineer,ООО Миловидов,"Москва, р-н Можайский",Опыт 1-3 года,https://hh.ru/vacancy/135436064?query=AI+Engineer,AI Engineer,7,135436064
Lead Backend Developer / AI Engineer,CRT,Санкт-Петербург,Опыт более 6 лет,https://hh.ru/vacancy/135661340?query=AI+Engineer,AI Engineer,7,135661340
"Tech Lead / CTO — AI-стартап (динамическое ценообразование, международный рынок)",ИП Степанов Алексей Андреевич,Москва,Опыт 3-6 лет,https://hh.ru/vacancy/135935227?query=AI+Engineer,AI Engineer,7,135935227
QA-инженер,Сбер. IT,Москва,Опыт 1-3 года,https://hh.ru/vacancy/136160829?query=AI+Engineer,AI Engineer,7,136160829
AQA Engineer (Java),ООО Айтикью Груп,Москва,Опыт 1-3 года,https://hh.ru/vacancy/136325422?query=AI+Engineer,AI Engineer,7,136325422
Fullstack-разработчик (Laravel + Vue),Limex,Чебоксары,Опыт 1-3 года,https://hh.ru/vacancy/136036545?query=AI+Engineer,AI Engineer,8,136036545
Инженер технической поддержки,CП ООО TETRA SECURITY,"Ташкент, улица Афросиаб, 2Б",Опыт 1-3 года,https://hh.ru/vacancy/135680654?query=AI+Engineer,AI Engineer,8,135680654
Project manager (GigaChat Runtime),Сбер. IT,Москва,Опыт 3-6 лет,https://hh.ru/vacancy/136135754?query=AI+Engineer,AI Engineer,8,136135754
Бизнес Аналитик (Pre-Sales Business Analyst),ООО Сампад,"Минск, Интернациональная улица, 20А",Опыт 3-6 лет,https://rabota.by/vacancy/136364085?query=AI+Engineer&hhtmFrom=vacancy_search_list,AI Engineer,8,136364085
Professional Services Engineer (KSC),Лаборатория Касперского,Москва,Опыт 3-6 лет,https://hh.ru/vacancy/136249409?query=AI+Engineer,AI Engineer,8,136249409
Инженер по сопровождению,Сбер. IT,"Ростов-на-Дону, р-н Октябрьский",Опыт 1-3 года,https://hh.ru/vacancy/135364983?query=AI+Engineer,AI Engineer,8,135364983
Product analyst,ФЕНСИ ТЕК ГРУП,Москва,Опыт 3-6 лет,https://hh.ru/vacancy/135893157?query=AI+Engineer,AI Engineer,8,135893157
Системный аналитик (Spanner),Сбер. IT,Тула,Опыт 1-3 года,https://hh.ru/vacancy/135700380?query=AI+Engineer,AI Engineer,8,135700380
Директор по цифровой трансформации,КДВ Групп,Москва,Опыт более 6 лет,https://hh.ru/vacancy/135724893?query=AI+Engineer,AI Engineer,8,135724893
AQA engineer (комада OneWork),SberTech,Москва,Опыт 3-6 лет,https://hh.ru/vacancy/136289129?query=AI+Engineer,AI Engineer,8,136289129
Руководитель группы разработки DWH / Team Lead Data Engineering,АО ОЧАКОВО,Москва,Опыт 3-6 лет,https://hh.ru/vacancy/136173808?query=AI+Engineer,AI Engineer,8,136173808
TechLead / Senior DevOps (MLOps),USETECH,Москва,Опыт 3-6 лет,https://hh.ru/vacancy/136328984?query=AI+Engineer,AI Engineer,8,136328984
DevOps инженер,Сбер. IT,Москва,Опыт 1-3 года,https://hh.ru/vacancy/136179920?query=AI+Engineer,AI Engineer,8,136179920
Специалист по AI-автоматизации бизнес-процессов,Сбер. IT,Москва,Опыт 3-6 лет,https://hh.ru/vacancy/136262644?query=AI+Engineer,AI Engineer,8,136262644
QA Engineer,ООО ГеймТек,Минск,Опыт 1-3 года,https://rabota.by/vacancy/134503713?query=AI+Engineer&hhtmFrom=vacancy_search_list,AI Engineer,8,134503713
Senior Аналитик данных / Python-разработчик (Data / ETL),ООО Смарт консалтинг,Новосибирск,Опыт 3-6 лет,https://hh.ru/vacancy/135521700?query=AI+Engineer,AI Engineer,8,135521700
Заместитель начальника управления,ГКУ Инфогород,Москва,Опыт 3-6 лет,https://hh.ru/vacancy/135900802?query=AI+Engineer,AI Engineer,8,135900802
AI-контент-мейкер,ООО Евроторг,Минск,Опыт 1-3 года,https://rabota.by/vacancy/135788318?query=AI+Engineer&hhtmFrom=vacancy_search_list,AI Engineer,8,135788318
Middle+/Senior Python developer в Центр DataGov,"""МТС"", Работа в IT",Москва,Опыт 3-6 лет,https://hh.ru/vacancy/135884255?query=AI+Engineer,AI Engineer,8,135884255
Системный администратор [МТС Веб Сервисы],"""МТС"", Работа в IT","Москва, р-н Даниловский",Опыт 1-3 года,https://hh.ru/vacancy/136214108?query=AI+Engineer,AI Engineer,8,136214108
ИТ-администратор (SRE-инженер),Сбер. IT,Москва,Опыт 3-6 лет,https://hh.ru/vacancy/136246543?query=AI+Engineer,AI Engineer,9,136246543
Junior QA Engineer (Manual),ТОО Playrix,Ереван,Опыт 1-3 года,https://hh.ru/vacancy/136116684?query=AI+Engineer,AI Engineer,9,136116684
AI-инженер / Разработчик RAG-систем и оркестрации агентов,ООО УК Балтис,Санкт-Петербург,Опыт 1-3 года,https://hh.ru/vacancy/135364099?query=AI+Engineer,AI Engineer,9,135364099
Инженер-программист,ТехВилл,Москва,Опыт 3-6 лет,https://hh.ru/vacancy/135883310?query=AI+Engineer,AI Engineer,9,135883310
Middle+ Devops -инженер в AI HUB (в Москве),ООО ИЦ АЙ-ТЕКО,Москва,Опыт 3-6 лет,https://hh.ru/vacancy/136265482?query=AI+Engineer,AI Engineer,9,136265482
Senior Automation QA Engineer,АО ТМГТ,Москва,Опыт более 6 лет,https://hh.ru/vacancy/136061734?query=AI+Engineer,AI Engineer,9,136061734
Data Steward / Инженер по качеству данных,ООО Марс,Москва,Опыт 1-3 года,https://hh.ru/vacancy/136266992?query=AI+Engineer,AI Engineer,9,136266992
Fullstack-разработчик (Agent-Coding),ООО ФизЭл,Москва,Опыт 3-6 лет,https://hh.ru/vacancy/135611082?query=AI+Engineer,AI Engineer,9,135611082
"ML Engineer (Face Biometrics / Computer Vision / AI Security), Алматы",ТОО Biometric(Биометрик),Алматы,Опыт 3-6 лет,https://hh.ru/vacancy/136090867?query=AI+Engineer,AI Engineer,9,136090867
Руководитель производства - разметка данных для ИИ,S2IT,Москва,Опыт 3-6 лет,https://hh.ru/vacancy/136327012?query=AI+Engineer,AI Engineer,9,136327012
AI Infrastructure Engineer,ООО БиАйЭй-Технолоджиз,Санкт-Петербург,Опыт более 6 лет,https://hh.ru/vacancy/136078601?query=AI+Engineer,AI Engineer,9,136078601
Владелец продукта платформы уведомлений/Product Owner Notifications,VVP Group,Химки,Опыт 3-6 лет,https://hh.ru/vacancy/136229609?query=AI+Engineer,AI Engineer,9,136229609
Разработчик AI/ Разработчик LLM,"МАГНИТ, Розничная сеть. IT","Москва, р-н Беговой",Опыт 3-6 лет,https://hh.ru/vacancy/136147564?query=AI+Engineer,AI Engineer,9,136147564
Администратор АС/Системный инженер,Сбер. IT,Москва,Опыт 1-3 года,https://hh.ru/vacancy/136367923?query=AI+Engineer,AI Engineer,9,136367923
Senior PHP Backend Developer (Symfony),3snet,Санкт-Петербург,Опыт 3-6 лет,https://hh.ru/vacancy/135499087?query=AI+Engineer,AI Engineer,9,135499087
AI Native инженер,ООО Тагес Джамп,Москва,Опыт более 6 лет,https://hh.ru/vacancy/135374007?query=AI+Engineer,AI Engineer,9,135374007
Senior QA Engineer в Telegram Mini App / Тестировщик,Playneta,Москва,Опыт 3-6 лет,https://hh.ru/vacancy/135782521?query=AI+Engineer,AI Engineer,9,135782521
"AI Marketing Engineer / инженер AI-маркетинга: лидогенерация, email-outbound, CRM (B2B)",ЛОМИДЗЕ МАРИАМ МАМУКОВНА,Москва,Опыт 3-6 лет,https://hh.ru/vacancy/136046765?query=AI+Engineer,AI Engineer,9,136046765
"Senior Python backend engineer (в Бильбао, Испания)",Artificial Seed,"провинция Бискайя, Басаури, Бильбао",Опыт более 6 лет,https://hh.ru/vacancy/136051532?query=AI+Engineer,AI Engineer,9,136051532
Data Architect,getmatch,Москва,Опыт более 6 лет,https://hh.ru/vacancy/136326536?query=AI+Engineer,AI Engineer,9,136326536
Специалист по внедрению ИИ,ПК AKASHI Data Center PLC,"Астана, улица Сыганак, 60/4",Опыт 3-6 лет,https://hh.ru/vacancy/136256241?query=Python+Developer,Python Developer,0,136256241
Медиа-аналитик,ООО International Media Service,"Ташкент, Яшнабадский район, улица Махтумкули, 112",Опыт 1-3 года,https://hh.ru/vacancy/136339864?query=Python+Developer,Python Developer,0,136339864
Вайб-кодер / AI-assisted Developer — Middle,АО Агентство ВТН,Санкт-Петербург,Без опыта,https://hh.ru/vacancy/136067120?query=Python+Developer,Python Developer,0,136067120
Младший биоинформатик-аналитик,ООО Парсек Лаб,"Санкт-Петербург, р-н Приморский",Опыт 1-3 года,https://hh.ru/vacancy/135719646?query=Python+Developer,Python Developer,0,135719646
Специалист технической поддержки,Utrace,"Москва, р-н Южнопортовый",Опыт 1-3 года,https://hh.ru/vacancy/135987938?query=Python+Developer,Python Developer,0,135987938
Стажёр в IT-аудит,Ozon Офис и Коммерция,Москва,Без опыта,https://hh.ru/vacancy/135511093?query=Python+Developer,Python Developer,0,135511093
Стажер Backend направления,АО СимбирСофт,"Ульяновск, р-н Ленинский",Без опыта,https://hh.ru/vacancy/136261109?query=Python+Developer,Python Developer,0,136261109
Backend-разработчик,ТОО Armeta KZ,"Астана, улица Сыганак, 60/2",Опыт 1-3 года,https://hh.ru/vacancy/136339826?query=Python+Developer,Python Developer,0,136339826
AI инженер,S7 Group,Москва,Опыт 1-3 года,https://hh.ru/vacancy/136342152?query=Python+Developer,Python Developer,0,136342152
Python-разработчик,Группа компаний Экзон,Москва,Опыт 1-3 года,https://hh.ru/vacancy/136216207?query=Python+Developer,Python Developer,0,136216207
Специалист по количественным исследованиям,Drivee,"Якутск, 203-й микрорайон, 28",Опыт 1-3 года,https://hh.ru/vacancy/136336038?query=Python+Developer,Python Developer,0,136336038
2D художник gamedev,Extreme Developers,Москва,Опыт 1-3 года,https://hh.ru/vacancy/136290940?query=Python+Developer,Python Developer,0,136290940
Frontend-разработчик (Москва),ООО ИЦ АЙ-ТЕКО,Москва,Опыт 3-6 лет,https://hh.ru/vacancy/136297938?query=Python+Developer,Python Developer,0,136297938
AI & Low-code Builder / Специалист по AI-автоматизации бизнес-процессов,Miles&Miles,Москва,Опыт 1-3 года,https://hh.ru/vacancy/136002338?query=Python+Developer,Python Developer,0,136002338
Python-разработчик,Московский Кредитный Банк. ИТ-специалисты,Москва,Без опыта,https://hh.ru/vacancy/136227814?query=Python+Developer,Python Developer,0,136227814
Middle+ Python developer,Циан,Москва,Опыт 3-6 лет,https://hh.ru/vacancy/134564796?query=Python+Developer,Python Developer,0,134564796
Вайбкодер / Vibe coder,KiteGroup,Казань,Без опыта,https://hh.ru/vacancy/136048682?query=Python+Developer,Python Developer,0,136048682
Разработчик,ООО Зелинский и Розен парфюмерия,Москва,Опыт 3-6 лет,https://hh.ru/vacancy/136295454?query=Python+Developer,Python Developer,0,136295454
Senior Backend,ООО Финансовое Объединение Ра,Москва,Опыт 3-6 лет,https://hh.ru/vacancy/136361915?query=Python+Developer,Python Developer,0,136361915
Python-разработчик,Spice IT,"Москва, р-н Тверской",Опыт 3-6 лет,https://hh.ru/vacancy/136326848?query=Python+Developer,Python Developer,0,136326848
"Product Engineer (PHP/Python + Vue, AI-first разработка)",Digital Clouds,Новосибирск,Опыт 3-6 лет,https://hh.ru/vacancy/136283357?query=Python+Developer,Python Developer,1,136283357
Middle Python Developer,ИП Шлыков Станислав Игоревич,"Оренбург, р-н Ленинский",Опыт 3-6 лет,https://hh.ru/vacancy/136304523?query=Python+Developer,Python Developer,1,136304523
Системный администратор,Netris,Москва,Опыт 3-6 лет,https://hh.ru/vacancy/136341059?query=Python+Developer,Python Developer,1,136341059
Middle QA Engineer / Тестировщик,ООО Займиго МКК,Нижний Новгород,Опыт 1-3 года,https://hh.ru/vacancy/136293682?query=Python+Developer,Python Developer,1,136293682
Senior Python Developer (Fintech),Secunda,Москва,Опыт 1-3 года,https://hh.ru/vacancy/136036124?query=Python+Developer,Python Developer,1,136036124
Intern - Assurance Advisory,Deloitte DKU,Алматы,Без опыта,https://hh.ru/vacancy/136341145?query=Python+Developer,Python Developer,1,136341145
Middle Backend разработчик,ООО Аналитические программные решения,Москва,Опыт 1-3 года,https://hh.ru/vacancy/135723184?query=Python+Developer,Python Developer,1,135723184
Python-разработчик (Junior),ООО Поколение,Москва,Без опыта,https://hh.ru/vacancy/135411623?query=Python+Developer,Python Developer,1,135411623
Технический специалист / Вайбкодер-инженер платформы запусков,ООО 360,Москва,Опыт 1-3 года,https://hh.ru/vacancy/135426037?query=Python+Developer,Python Developer,1,135426037
Python разработчик,ICL Soft,Казань,Опыт 1-3 года,https://hh.ru/vacancy/136183556?query=Python+Developer,Python Developer,1,136183556
Backend-разработчик (Python / Django),MAV AUTO,"Чебоксары, Московский проспект, 38к4",Опыт 3-6 лет,https://hh.ru/vacancy/136324731?query=Python+Developer,Python Developer,1,136324731
Middle Python Developer(JenkinsDream),SberTech,Москва,Опыт 3-6 лет,https://hh.ru/vacancy/136353025?query=Python+Developer,Python Developer,1,136353025
LLM-инженер,АО Медийные Технологии,Москва,Опыт 1-3 года,https://hh.ru/vacancy/135881921?query=Python+Developer,Python Developer,1,135881921
Инженер сопровождения,ЛИАН,Москва,Опыт 3-6 лет,https://hh.ru/vacancy/136315909?query=Python+Developer,Python Developer,1,136315909
Backend-разработчик,Your CodeReview,Ижевск,Опыт 1-3 года,https://hh.ru/vacancy/136115888?query=Python+Developer,Python Developer,1,136115888
Java-разработчик,ООО ДЮК Технологии,Ярославль,Опыт 3-6 лет,https://hh.ru/vacancy/136287292?query=Python+Developer,Python Developer,1,136287292
PHP-разработчик,ООО Петрович-Тех,Санкт-Петербург,Опыт 3-6 лет,https://hh.ru/vacancy/136145207?query=Python+Developer,Python Developer,1,136145207
Инженер по информационной безопасности,Rubytech. Технологии и продукты,Москва,Без опыта,https://hh.ru/vacancy/136313110?query=Python+Developer,Python Developer,1,136313110
Стажер-аналитик,ООО ERGO ANALYTICS,"Ташкент, Шайхантахурский район, жилой комплекс Nest One",Без опыта,https://hh.ru/vacancy/135992615?query=Python+Developer,Python Developer,1,135992615
AI-разработчик / Специалист по автоматизации,Группа компаний Бизнес-Гарант,Самара,Опыт 1-3 года,https://hh.ru/vacancy/136290057?query=Python+Developer,Python Developer,1,136290057
DevOps инженер,ИП Андрианов Кирилл Владимирович,Москва,Опыт 3-6 лет,https://hh.ru/vacancy/136278662?query=Python+Developer,Python Developer,2,136278662
Python-разработчик /Python Developer,АО Гринатом. ИТ,Москва,Опыт 3-6 лет,https://hh.ru/vacancy/136251500?query=Python+Developer,Python Developer,2,136251500
Senior Manual QA Engineer,Made of Storm,Белград,Опыт 3-6 лет,https://hh.ru/vacancy/136305450?query=Python+Developer,Python Developer,2,136305450
DevOps-инженер Middle+ (On-premise),ТОО Интернет-компания PS,"Алматы, улица Макатаева, 117а",Опыт 3-6 лет,https://hh.ru/vacancy/136317479?query=Python+Developer,Python Developer,2,136317479
Инженер по тестированию умных устройств (QA Engineer),ООО Юникорн,"Пермь, р-н Индустриальный",Опыт 1-3 года,https://hh.ru/vacancy/136245333?query=Python+Developer,Python Developer,2,136245333
Тестировщик QA,VOID,Уфа,Опыт 1-3 года,https://hh.ru/vacancy/135424232?query=Python+Developer,Python Developer,2,135424232
Технический специалист / вайбкодер (разработка внутренней платформы),Polza Agency (ИП Ерхов Никита Владимирович),Москва,Опыт 1-3 года,https://hh.ru/vacancy/135561486?query=Python+Developer,Python Developer,2,135561486
Специалист по документообороту,ООО ДЮК Технологии,Ярославль,Опыт 1-3 года,https://hh.ru/vacancy/135517246?query=Python+Developer,Python Developer,2,135517246
Junior Full Stack / AI Engineer,ООО Овелфиш,Санкт-Петербург,Опыт 1-3 года,https://hh.ru/vacancy/136222967?query=Python+Developer,Python Developer,2,136222967
Senior Python Developer,getmatch,Москва,Опыт 3-6 лет,https://hh.ru/vacancy/136324253?query=Python+Developer,Python Developer,2,136324253
"Вайбкодер / AI-разработчик (Claude Code, Codex)",Anecole,Москва,Опыт 1-3 года,https://hh.ru/vacancy/136030486?query=Python+Developer,Python Developer,2,136030486
Менеджер по компенсациям и льготам,Ozon Офис и Коммерция,"Москва, р-н Пресненский",Опыт 1-3 года,https://hh.ru/vacancy/135987878?query=Python+Developer,Python Developer,2,135987878
CTO / Технический директор,DigiKey Limited,Москва,Опыт более 6 лет,https://hh.ru/vacancy/136218009?query=Python+Developer,Python Developer,2,136218009
Разработчик игр в международной компании (Junior),Darktheme Studios,"город Окленд, Warfield Avenue",Опыт 1-3 года,https://hh.ru/vacancy/136230501?query=Python+Developer,Python Developer,2,136230501
QA Engineer (Manual),Криптонит,Москва,Опыт 3-6 лет,https://hh.ru/vacancy/134460150?query=Python+Developer,Python Developer,2,134460150
ML-инженер,ЕМЕ,"Москва, р-н Сокольники",Опыт 1-3 года,https://hh.ru/vacancy/136266033?query=Python+Developer,Python Developer,2,136266033
Senior Python Developer,getmatch,Москва,Опыт 3-6 лет,https://hh.ru/vacancy/136341123?query=Python+Developer,Python Developer,2,136341123
Стажер-backend developer,ООО Р-Вижн,Москва,Без опыта,https://hh.ru/vacancy/134427427?query=Python+Developer,Python Developer,2,134427427
Начинающий Python-разработчик,SL Soft,Москва,Без опыта,https://hh.ru/vacancy/135419676?query=Python+Developer,Python Developer,2,135419676
Python-разработчик в AI-проект,AVS Agency,"Москва, р-н Южнопортовый",Опыт 1-3 года,https://hh.ru/vacancy/136178331?query=Python+Developer,Python Developer,2,136178331
Инженер данных,Альфа-Банк. Центральный офис,Москва,Опыт 1-3 года,https://hh.ru/vacancy/136223300?query=Python+Developer,Python Developer,3,136223300
Ведущий Fullstack developer,ООО Иви-Тайм,Санкт-Петербург,Опыт 3-6 лет,https://hh.ru/vacancy/136283376?query=Python+Developer,Python Developer,3,136283376
Middle/Middle+ DevOps-инженер,Holyweb,Москва,Опыт 3-6 лет,https://hh.ru/vacancy/135478678?query=Python+Developer,Python Developer,3,135478678
Разработчик исследователь Python,BI.ZONE Направление Разработка,Москва,Опыт 3-6 лет,https://hh.ru/vacancy/136256256?query=Python+Developer,Python Developer,3,136256256
ML/NLP Engineer,ООО Аналитические программные решения,Москва,Опыт 1-3 года,https://hh.ru/vacancy/136266371?query=Python+Developer,Python Developer,3,136266371
Программист-разработчик (Python),ООО Платформа Третье Мнение,Москва,Опыт 1-3 года,https://hh.ru/vacancy/135127347?query=Python+Developer,Python Developer,3,135127347
Python-разработчик / бизнес-аналитик по автоматизации бизнес-процессов,Honex Auto,Москва,Опыт 1-3 года,https://hh.ru/vacancy/135958850?query=Python+Developer,Python Developer,3,135958850
Python-разработчик,ООО Синьор Софт,Рязань,Опыт 3-6 лет,https://hh.ru/vacancy/135829684?query=Python+Developer,Python Developer,3,135829684
Python Backend Developer,Miles&Miles,Москва,Опыт 1-3 года,https://hh.ru/vacancy/136001977?query=Python+Developer,Python Developer,3,136001977
BI-аналитик / Аналитик данных,ООО СДС,Москва,Опыт 1-3 года,https://hh.ru/vacancy/136227623?query=Python+Developer,Python Developer,3,136227623
Тестировщик ПО,ООО Альфа-Форекс,Москва,Опыт 1-3 года,https://hh.ru/vacancy/135458884?query=Python+Developer,Python Developer,3,135458884
Продуктовый аналитик,JapanStat,Москва,Опыт 3-6 лет,https://hh.ru/vacancy/136214542?query=Python+Developer,Python Developer,3,136214542
Python разработчик,Логика молока. Офис,Москва,Опыт 3-6 лет,https://hh.ru/vacancy/136263220?query=Python+Developer,Python Developer,3,136263220
Middle DevOps Engineer,yourhr.tech,Минск,Опыт 1-3 года,https://hh.ru/vacancy/136324114?query=Python+Developer,Python Developer,3,136324114
Golang-разработчик,ООО АФЛТ-Системс,Москва,Опыт 3-6 лет,https://hh.ru/vacancy/136245564?query=Python+Developer,Python Developer,3,136245564
Разработчик python (junior +),Ай-Теко (I-Teco),Москва,Опыт 1-3 года,https://hh.ru/vacancy/136075982?query=Python+Developer,Python Developer,3,136075982
Директор по информационным технологиям (CIO),ТОО КОМЕК МАШИНЕРИ Казахстан,"Астана, проспект Нургисы Тлендиева, 4/3",Опыт 3-6 лет,https://hh.ru/vacancy/136306344?query=Python+Developer,Python Developer,3,136306344
Системный инженер,Хорошие сети,"Ростов-на-Дону, р-н Ворошиловский",Опыт 1-3 года,https://hh.ru/vacancy/136319514?query=Python+Developer,Python Developer,3,136319514
Junior ML-инженер (офис),ООО Займиго МКК,"Москва, р-н Тверской",Без опыта,https://hh.ru/vacancy/136157184?query=Python+Developer,Python Developer,3,136157184
DevOps-инженер,Signal,Москва,Опыт 3-6 лет,https://hh.ru/vacancy/136186840?query=Python+Developer,Python Developer,3,136186840
DevOps инженер,РВД Инфосистемы,Санкт-Петербург,Опыт 3-6 лет,https://hh.ru/vacancy/136230968?query=Python+Developer,Python Developer,4,136230968
Инженер по внедрению LLM/Ведущий системный аналитик,target ai,Санкт-Петербург,Опыт 3-6 лет,https://hh.ru/vacancy/136294626?query=Python+Developer,Python Developer,4,136294626
Системный администратор,Wolle Development Limited,Нижний Новгород,Опыт 1-3 года,https://hh.ru/vacancy/136258177?query=Python+Developer,Python Developer,4,136258177
DevOps Engineer (Linux),Силиз,Санкт-Петербург,Опыт 3-6 лет,https://hh.ru/vacancy/135474338?query=Python+Developer,Python Developer,4,135474338
Разработчик баз данных PostgreSQL,TrueConf,Москва,Опыт 1-3 года,https://hh.ru/vacancy/135954455?query=Python+Developer,Python Developer,4,135954455
MLOps Engineer,"ПАО Банк ПСБ, Бизнес и инфраструктура",Москва,Опыт 3-6 лет,https://hh.ru/vacancy/134306880?query=Python+Developer,Python Developer,4,134306880
Data Engineer,Amarcon,Нижний Новгород,Опыт 3-6 лет,https://hh.ru/vacancy/136248505?query=Python+Developer,Python Developer,4,136248505
Ведущий разработчик искусственного интеллекта/Middle Data scientist,Геномед,Москва,Опыт 1-3 года,https://hh.ru/vacancy/135841447?query=Python+Developer,Python Developer,4,135841447
Инженер технической поддержки,EvaTeam,Екатеринбург,Опыт 1-3 года,https://hh.ru/vacancy/135467180?query=Python+Developer,Python Developer,4,135467180
Аналитик данных,БЮРО 1440,Москва,Опыт 3-6 лет,https://hh.ru/vacancy/136320625?query=Python+Developer,Python Developer,4,136320625
Системный аналитик (junior),Правительство Москвы,Москва,Опыт 1-3 года,https://hh.ru/vacancy/135895933?query=Python+Developer,Python Developer,4,135895933
ML/AI Developer,ИП Литвиненко Александр Юрьевич,Москва,Опыт 3-6 лет,https://hh.ru/vacancy/136189562?query=Python+Developer,Python Developer,4,136189562
Supply Chain Management Intern / Стажер отдела логистики,"«Procter & Gamble», Студент",Москва,Без опыта,https://hh.ru/vacancy/136307284?query=Python+Developer,Python Developer,4,136307284
ML engineer/ Computer Vision and Generative AI,Группа компаний «Триумф»,Москва,Опыт 1-3 года,https://hh.ru/vacancy/136278775?query=Python+Developer,Python Developer,4,136278775
Разработчик в инфраструктуру симулятора команды автономного вождения,Автономный транспорт,Москва,Опыт 3-6 лет,https://hh.ru/vacancy/135560790?query=Python+Developer,Python Developer,4,135560790
Стажер по информационной безопасности (Application Security),Группа компаний Астра,Москва,Без опыта,https://hh.ru/vacancy/135918274?query=Python+Developer,Python Developer,4,135918274
"Data Engineer Junior (в офис, г. Нижний Новгород)",abgroup.tech,Нижний Новгород,Опыт 1-3 года,https://hh.ru/vacancy/136297061?query=Python+Developer,Python Developer,4,136297061
Инженер-электронщик / специалист по пайке и сборке электроники,ООО Топ24,Москва,Опыт 1-3 года,https://hh.ru/vacancy/136267944?query=Python+Developer,Python Developer,4,136267944
Специалист поддержки по качеству данных (Data Steward),АО Национальная Страховая Информационная Система,Москва,Опыт 1-3 года,https://hh.ru/vacancy/135966182?query=Python+Developer,Python Developer,4,135966182
Ночной Python-разработчик/инженер сопровождения,ООО РБ,Москва,Опыт 1-3 года,https://hh.ru/vacancy/135902714?query=Python+Developer,Python Developer,4,135902714
Инженер-программист,ФГБУ ЦНИИ ВВС Минобороны России,Москва,Опыт 1-3 года,https://hh.ru/vacancy/136219433?query=Python+Developer,Python Developer,5,136219433
Team Lead QA Engineer,ООО Софт Бизнес Системы,Москва,Опыт 3-6 лет,https://hh.ru/vacancy/136244683?query=Python+Developer,Python Developer,5,136244683
Аналитик-разработчик Power BI,ООО Тапир,Санкт-Петербург,Опыт 1-3 года,https://hh.ru/vacancy/136076692?query=Python+Developer,Python Developer,5,136076692
Бизнес / Системный аналитик / Technical project manager,Terabit,"Белгород, р-н Восточный",Опыт 3-6 лет,https://hh.ru/vacancy/135968913?query=Python+Developer,Python Developer,5,135968913
Python Developer (CAD Automation),"STORYGOLD AI, INC",Алматы,Без опыта,https://hh.ru/vacancy/136045084?query=Python+Developer,Python Developer,5,136045084
Аналитик данных / BI-аналитик,ИП Катигаров Павел Алексеевич,"Тюмень, р-н Центральный",Без опыта,https://hh.ru/vacancy/136190138?query=Python+Developer,Python Developer,5,136190138
Python-разработчик,ООО Группа Компаний Техно,"Красноярск, р-н Советский",Опыт 1-3 года,https://hh.ru/vacancy/135960540?query=Python+Developer,Python Developer,5,135960540
Тестировщик- автоматизатор/QA Automation(Python),Neoflex,Нижний Новгород,Опыт 1-3 года,https://hh.ru/vacancy/136303486?query=Python+Developer,Python Developer,5,136303486
Системный аналитик Отдела разработки и внедрения информационных систем,БАНК МБА-МОСКВА,Москва,Опыт 3-6 лет,https://hh.ru/vacancy/136161548?query=Python+Developer,Python Developer,5,136161548
Разработчик Python (Middle),Нанософт,"Санкт-Петербург, р-н Петроградский",Опыт 1-3 года,https://hh.ru/vacancy/134516752?query=Python+Developer,Python Developer,5,134516752
Ведущий разработчик ПО,ООО Береста РК,Москва,Опыт более 6 лет,https://hh.ru/vacancy/136135792?query=Python+Developer,Python Developer,5,136135792
Аналитик (проектный офис),ООО МКК Корона,Новосибирск,Опыт 1-3 года,https://hh.ru/vacancy/136301846?query=Python+Developer,Python Developer,5,136301846
Python Backend Developer (Django),ООО Ришат,Иннополис,Опыт 1-3 года,https://hh.ru/vacancy/135377518?query=Python+Developer,Python Developer,5,135377518
Ведущий аналитик,ЗАО Альфа Телеком (MEGA),"Бишкек, улица А. Суюмбаева, 123",Опыт 1-3 года,https://hh.ru/vacancy/136287340?query=Python+Developer,Python Developer,5,136287340
Разработчик (Домино8),X5 Tech,"Красноярск, р-н Железнодорожный",Опыт 1-3 года,https://hh.ru/vacancy/136350214?query=Python+Developer,Python Developer,5,136350214
Backend-разработчик (GigaARPA),CORE,Москва,Опыт 3-6 лет,https://hh.ru/vacancy/136145659?query=Python+Developer,Python Developer,5,136145659
"Project Manager (web, it)",Grand Line,Москва,Опыт 3-6 лет,https://hh.ru/vacancy/133652161?query=Python+Developer,Python Developer,5,133652161
Аналитик данных (проектный офис),ООО МКК Корона,Екатеринбург,Опыт 1-3 года,https://hh.ru/vacancy/136302526?query=Python+Developer,Python Developer,5,136302526
QA-тестировщик/QA engineer (Middle/Senior),Аптечная сеть Ваша №1 х Таблетка.ру,Москва,Опыт 3-6 лет,https://hh.ru/vacancy/129586923?query=Python+Developer,Python Developer,5,129586923
Fullstack-разработчик,Уткин Дмитрий Андреевич,Новосибирск,Опыт 1-3 года,https://hh.ru/vacancy/136076534?query=Python+Developer,Python Developer,5,136076534
Python Backend Developer / AI Engineer,ООО ЯМКЕТ,Москва,Опыт 3-6 лет,https://hh.ru/vacancy/136011243?query=Python+Developer,Python Developer,6,136011243
Руководитель IT-отдела,Ляриба-Финанс,Махачкала,Опыт 3-6 лет,https://hh.ru/vacancy/136252722?query=Python+Developer,Python Developer,6,136252722
Специалист по разметке данных,ООО МТ-ЛАБ,Москва,Опыт 1-3 года,https://hh.ru/vacancy/135430924?query=Python+Developer,Python Developer,6,135430924
Специалист по координации запросов и поддержке,Syngenta,Москва,Опыт 3-6 лет,https://hh.ru/vacancy/136188147?query=Python+Developer,Python Developer,6,136188147
Стажер ML-инженер,Правительство Москвы,"Москва, р-н Тверской",Без опыта,https://hh.ru/vacancy/136341733?query=Python+Developer,Python Developer,6,136341733
Специалист по чат-ботам CraftTalk,ООО Крафт-Толк,"Орёл, Наугорское шоссе, 8А",Опыт 1-3 года,https://hh.ru/vacancy/136117992?query=Python+Developer,Python Developer,6,136117992
Senior Python-разработчик,Loyalty Labs,Санкт-Петербург,Опыт более 6 лет,https://hh.ru/vacancy/136097311?query=Python+Developer,Python Developer,6,136097311
С++ developer,Адалиск,"Тбилиси, улица Михаила Тамарашвили, 13О",Опыт 3-6 лет,https://hh.ru/vacancy/136306731?query=Python+Developer,Python Developer,6,136306731
"Senior Backend Developer (Python, Django)",Absolut POS,Москва,Опыт 3-6 лет,https://hh.ru/vacancy/136098899?query=Python+Developer,Python Developer,6,136098899
Бизнес-аналитик (AI / LLM),Selecty,Москва,Опыт 3-6 лет,https://hh.ru/vacancy/136216151?query=Python+Developer,Python Developer,6,136216151
Младший аналитик,ООО Секонд Лайн,"Москва, р-н Хамовники",Опыт 1-3 года,https://hh.ru/vacancy/136096915?query=Python+Developer,Python Developer,6,136096915
AI-разработчик (Middle developer) / Web-разработчик для создания WMS-системы,A2,посёлок городского типа Красково,Опыт 1-3 года,https://hh.ru/vacancy/135659933?query=Python+Developer,Python Developer,6,135659933
DevOps-инженер,АО Центр цифрового развития Национального Банка Казахстана,город республиканского значения Астана,Опыт 3-6 лет,https://hh.ru/vacancy/136200963?query=Python+Developer,Python Developer,6,136200963
Аналитик данных,Правительство Москвы,Москва,Опыт 1-3 года,https://hh.ru/vacancy/136325470?query=Python+Developer,Python Developer,6,136325470
Аналитик данных / Data Analyst Управление модельных рисков и валидации,"Банк ВТБ (ПАО), Технологический блок",Самара,Опыт 1-3 года,https://hh.ru/vacancy/136328667?query=Python+Developer,Python Developer,6,136328667
Разработчик,ТОО Enterprise Service Company,"Астана, улица Достык, 4",Опыт 1-3 года,https://hh.ru/vacancy/136077701?query=Python+Developer,Python Developer,6,136077701
Python Developer,SMENA,"Уфа, р-н Кировский",Опыт 3-6 лет,https://hh.ru/vacancy/135980649?query=Python+Developer,Python Developer,6,135980649
DevOps-инженер (RuBackup),Группа компаний Астра,Москва,Опыт 1-3 года,https://hh.ru/vacancy/135932667?query=Python+Developer,Python Developer,6,135932667
"Инженер-программист встраиваемых систем С/С++, STM 32",ИП Хакимова Евгения Сергеевна,Екатеринбург,Опыт 3-6 лет,https://hh.ru/vacancy/136272657?query=Python+Developer,Python Developer,6,136272657
Junior/Middle Python Data Scientist,SL Soft,Москва,Опыт 1-3 года,https://hh.ru/vacancy/135741195?query=Python+Developer,Python Developer,6,135741195
Инженер по автоматизации тестирования (Python),БЮРО 1440,Москва,Опыт 3-6 лет,https://hh.ru/vacancy/136360432?query=Python+Developer,Python Developer,7,136360432
Senior Manual QA Engineer (Backend / API / Linux - must have),Made of Storm,Кипр,Опыт более 6 лет,https://hh.ru/vacancy/136317488?query=Python+Developer,Python Developer,7,136317488
Дежурный системный администратор ЦОД,Тензор,"Ярославль, р-н Ленинский",Опыт 1-3 года,https://hh.ru/vacancy/136226403?query=Python+Developer,Python Developer,7,136226403
Fullstack / Python-разработчик в ИТ-компанию Crown (AI & Data),ИП Корзухин Виталий Валерьевич,Пермь,Опыт 1-3 года,https://hh.ru/vacancy/136236166?query=Python+Developer,Python Developer,7,136236166
Главный специалист по разработке цифровых сервисов ( продакт-менеджер цифровых сервисов),Федеральная пассажирская компания (АО ФПК),Москва,Опыт 1-3 года,https://hh.ru/vacancy/136255090?query=Python+Developer,Python Developer,7,136255090
Инженер-тестировщик,АО Навигатор,Санкт-Петербург,Опыт 1-3 года,https://hh.ru/vacancy/136167825?query=Python+Developer,Python Developer,7,136167825
Senior QA,Mediascope,Москва,Опыт 3-6 лет,https://hh.ru/vacancy/136030326?query=Python+Developer,Python Developer,7,136030326
Инженер по внедрению ИИ и автоматизации,"Группа компаний «Group4Media», Управляющая компания",Москва,Опыт 3-6 лет,https://hh.ru/vacancy/136302480?query=Python+Developer,Python Developer,7,136302480
Программист,Государственное бюджетное учреждение здравоохранения Республики Башкортостан Городская клиническая больница № 21 города Уфа,"Уфа, р-н Октябрьский",Без опыта,https://hh.ru/vacancy/136067321?query=Python+Developer,Python Developer,7,136067321
Middle ML Engineer,ИП Алёнкин Никита Юрьевич,Москва,Опыт 1-3 года,https://hh.ru/vacancy/136222354?query=Python+Developer,Python Developer,7,136222354
Начальник отдела автоматизации процессов,ТОО MyCar Group,Алматы,Опыт 3-6 лет,https://hh.ru/vacancy/136103601?query=Python+Developer,Python Developer,7,136103601
Backend - Разработчик (C# / Python),ООО КОРЕКС,"Калининград, р-н Ленинградский",Опыт 1-3 года,https://hh.ru/vacancy/136243396?query=Python+Developer,Python Developer,7,136243396
AI Agent Engineer / Инженер по внедрению ИИ-агентов,ИП Копылов Евгений Анатольевич,Москва,Опыт 3-6 лет,https://hh.ru/vacancy/136187036?query=Python+Developer,Python Developer,7,136187036
Разработчик (Backend / Full-stack),ООО Альнилам,Минск,Опыт 1-3 года,https://rabota.by/vacancy/136119967?query=Python+Developer&hhtmFrom=vacancy_search_list,Python Developer,7,136119967
Специалист по информационной безопасности,Вебзайм,Новосибирск,Опыт 1-3 года,https://hh.ru/vacancy/136192562?query=Python+Developer,Python Developer,7,136192562
Инженер-тестировщик программно-технических комплексов (QA Engineer of software&hardware complexes),ПиЭлСи Технолоджи,Москва,Опыт 1-3 года,https://hh.ru/vacancy/136224129?query=Python+Developer,Python Developer,7,136224129
Аналитик данных/Инженер по качеству данных,X5 Tech,"Москва, р-н Замоскворечье",Опыт 3-6 лет,https://hh.ru/vacancy/136249031?query=Python+Developer,Python Developer,7,136249031
Инженер-программист C++ \ QT,РОСКОСМОС,Москва,Опыт 1-3 года,https://hh.ru/vacancy/136347187?query=Python+Developer,Python Developer,7,136347187
Junior Python разработчик,ИП Радашкевич Ярослав Андреевич,Москва,Опыт 1-3 года,https://hh.ru/vacancy/135714208?query=Python+Developer,Python Developer,7,135714208
Разработчик BI,ООО Моя Работа,"Новосибирск, р-н Центральный",Опыт 1-3 года,https://hh.ru/vacancy/134479713?query=Python+Developer,Python Developer,7,134479713
Junior Python разработчик,eXpress,Москва,Опыт 1-3 года,https://hh.ru/vacancy/135702392?query=Python+Developer,Python Developer,8,135702392
IT-специалист / разработчик складских решений,ООО ТУЧА - Мировая Лавка,Москва,Опыт 1-3 года,https://hh.ru/vacancy/135985527?query=Python+Developer,Python Developer,8,135985527
Биоинформатик-программист,ФГБУ ЦСП ФМБА России,Москва,Опыт 1-3 года,https://hh.ru/vacancy/136188675?query=Python+Developer,Python Developer,8,136188675
DevOps engineer,Альфа-Банк. Центральный офис,Москва,Опыт 3-6 лет,https://hh.ru/vacancy/136355001?query=Python+Developer,Python Developer,8,136355001
Senior+ Data / AI Engineer | LLM / Multi-Agent / RAG,ООО Цифровые технологии и платформы,Москва,Опыт 3-6 лет,https://hh.ru/vacancy/136179259?query=Python+Developer,Python Developer,8,136179259
Middle Data Analyst,Adviva,Москва,Опыт 1-3 года,https://hh.ru/vacancy/136086816?query=Python+Developer,Python Developer,8,136086816
Python-разработчик,Т-Банк. ИТ. Управление разработкой,Новосибирск,Опыт 3-6 лет,https://hh.ru/vacancy/136346136?query=Python+Developer,Python Developer,8,136346136
DevOps-инженер,ООО Fido-Biznes,Ташкент,Опыт 1-3 года,https://hh.ru/vacancy/136335092?query=Python+Developer,Python Developer,8,136335092
Специалист технической поддержки,ООО Клевер Солюшнс,Санкт-Петербург,Опыт 1-3 года,https://hh.ru/vacancy/135128323?query=Python+Developer,Python Developer,8,135128323
QA Engineer (Platform V AI-платформа),SberTech,Санкт-Петербург,Опыт 3-6 лет,https://hh.ru/vacancy/136245525?query=Python+Developer,Python Developer,8,136245525
Аналитик данных,ООО МКК Корона,"Томск, р-н Советский",Опыт 1-3 года,https://hh.ru/vacancy/136302968?query=Python+Developer,Python Developer,8,136302968
Веб-разработчик Middle+/Senior PHP Backend Developer,"Inventive Retail Group, Digital",Москва,Опыт 3-6 лет,https://hh.ru/vacancy/136132287?query=Python+Developer,Python Developer,8,136132287
Python Backend Разработчик (Junior+),ООО Простые Решения,Минск,Опыт 1-3 года,https://hh.ru/vacancy/135607391?query=Python+Developer,Python Developer,8,135607391
Fullstack-разработчик (AI-продукты),АО Просвещение,Москва,Опыт 3-6 лет,https://hh.ru/vacancy/136134172?query=Python+Developer,Python Developer,8,136134172
MLOps\DevOps,KTS,Москва,Опыт 3-6 лет,https://hh.ru/vacancy/136360237?query=Python+Developer,Python Developer,8,136360237
Аналитик данных/Bi-аналитик,Coco IT,Москва,Опыт 3-6 лет,https://hh.ru/vacancy/135856497?query=Python+Developer,Python Developer,8,135856497
QA Automation (Python),ООО Синьор Софт,Рязань,Опыт 3-6 лет,https://hh.ru/vacancy/136175235?query=Python+Developer,Python Developer,8,136175235
Системный аналитик,ФОДЖИН,"Краснодар, р-н Центральный",Опыт 3-6 лет,https://hh.ru/vacancy/135981174?query=Python+Developer,Python Developer,8,135981174
Программист 1С / Разработчик 1С,Imprice,Санкт-Петербург,Опыт 1-3 года,https://hh.ru/vacancy/136328400?query=Python+Developer,Python Developer,8,136328400
Системный администратор,ООО DSS Lab (ДСС Лаб),Москва,Опыт 3-6 лет,https://hh.ru/vacancy/136354739?query=Python+Developer,Python Developer,8,136354739
Специалист по цепочкам поставок / SCM Analyst,ООО BLOOMSHOP,"Ташкент, Юнусабадский район, улица Абдуллы Кадыри, 39",Опыт 1-3 года,https://hh.ru/vacancy/136321880?query=Python+Developer,Python Developer,9,136321880
Младший DevOps-инженер,ООО РТ-ИНФОРМ,Москва,Опыт 1-3 года,https://hh.ru/vacancy/135760090?query=Python+Developer,Python Developer,9,135760090
Аналитик данных,Платформа Больших Данных,Москва,Опыт 1-3 года,https://hh.ru/vacancy/135988487?query=Python+Developer,Python Developer,9,135988487
Менеджер отдела продаж (тёплый трафик),Богачева Анна Алексеевна,Москва,Опыт 3-6 лет,https://hh.ru/vacancy/135902631?query=Python+Developer,Python Developer,9,135902631
Solution Architect (Python / Go),Moeco,Санкт-Петербург,Опыт более 6 лет,https://hh.ru/vacancy/136319820?query=Python+Developer,Python Developer,9,136319820
Backend-разработчик,ДЖЕЙКЕТ,"Москва, р-н Пресненский",Опыт 1-3 года,https://hh.ru/vacancy/135539464?query=Python+Developer,Python Developer,9,135539464
Менеджер технического сопровождения (IT продукт),Сайтсофт,Екатеринбург,Опыт 1-3 года,https://hh.ru/vacancy/136157996?query=Python+Developer,Python Developer,9,136157996
Аналитик в актуарную команду,Т-Банк. Другое,Москва,Опыт 1-3 года,https://hh.ru/vacancy/136314584?query=Python+Developer,Python Developer,9,136314584
QA Engineer/Тестировщик ПО,"Ак Барс Банк, ИТ",Казань,Опыт 1-3 года,https://hh.ru/vacancy/135752614?query=Python+Developer,Python Developer,9,135752614
Python-разработчик (FastAPI),ООО АФЛТ-Системс,Москва,Опыт 3-6 лет,https://hh.ru/vacancy/136067340?query=Python+Developer,Python Developer,9,136067340
Product Engineer / Full Stack разработчик,Азбука Антенн,"Пермь, р-н Ленинский",Опыт 3-6 лет,https://hh.ru/vacancy/136091769?query=Python+Developer,Python Developer,9,136091769
Дежурный инженер технической поддержки,Рунити,Санкт-Петербург,Без опыта,https://hh.ru/vacancy/136034910?query=Python+Developer,Python Developer,9,136034910
"Стажер в Управление ""Аналитика и отчетность продаж среднего и малого бизнеса"", ВТБ Юниор","Банк ВТБ (ПАО), Средний и малый бизнес",Москва,Без опыта,https://hh.ru/vacancy/136133923?query=Python+Developer,Python Developer,9,136133923
Инженер по прототипированию ИИ-решений,IBS,"Москва, р-н Пресненский",Опыт 3-6 лет,https://hh.ru/vacancy/136288267?query=Python+Developer,Python Developer,9,136288267
Backend-разработчик (Node.js / TypeScript),Межрегиональная инспекция Федеральной налоговой службы по управлению долгом,Москва,Без опыта,https://hh.ru/vacancy/136321167?query=Python+Developer,Python Developer,9,136321167
Mobile Fullstack Developer (iOS + Android + Web),chad,Москва,Опыт 3-6 лет,https://hh.ru/vacancy/136360606?query=Python+Developer,Python Developer,9,136360606
Junior BI аналитик,Сантехника-Онлайн,Москва,Опыт 1-3 года,https://hh.ru/vacancy/134196172?query=Python+Developer,Python Developer,9,134196172
Python-разработчик,TIQUM,Уфа,Опыт 3-6 лет,https://hh.ru/vacancy/135368882?query=Python+Developer,Python Developer,9,135368882
Fullstack тестировщик,ООО АрТуСи Технологии,Москва,Опыт 3-6 лет,https://hh.ru/vacancy/135464123?query=Python+Developer,Python Developer,9,135464123
Младший программист,ОАО Хлебпром,"Челябинск, р-н Курчатовский",Опыт 1-3 года,https://hh.ru/vacancy/135686289?query=Python+Developer,Python Developer,9,135686289
